"","Yr","Pop","violent","murder","rape1","robbery","aggassault","propcrime","burg","larceny","mvtheft","ST","PopTotal","Pop_Un18","Pop_20to40","Pop_40to60","Pop_60Ov","EMPSTAT","FTOTINC","INCWELFR","POVERTY","FAMSIZE","NCHILD","MARST-MAR","MARST-SING","MARST-DIV","HIGRADE","EDUC-ELEM","EDUC-SOMEHS","EDUC-SOMECOL","EDUC-COL","EDUC-GRAD","SCHLTYPE-PUB","LANGUAGE","MIGRATE5","VETSTAT","VETWWII","VETWWI","RACESING-WH","RACESING-BL","RACESING-IN","RACESING-AS","RACESING-OT","RACESING-HI"
"1",1970,3444165,10185,11.7,18.5,50.3,215.2,2183.8,776.4,1184,223.5,"AL",3454557,0.395117232108198,0.253070943683951,0.214122968589026,0.137688855618825,119.166666666667,7293.33333333333,18.3333333333333,5.83333333333333,437.5,58.3333333333333,45.4828660436137,49.1666666666667,2.5,9.16666666666667,41.6666666666667,16.6666666666667,23.3333333333333,2.5,2.5,2.5,0,47.5,12.5,12.5,12.5,71.6666666666667,28.3333333333333,0,0,0,0
"2",1970,302173,840,12.2,26.1,71.8,167.8,3523.8,789.9,2182.5,551.3,"AK",305328,0.429433265209873,0.355679793533511,0.174887334276581,0.0399996069800346,88.2352941176471,12097.0588235294,0,23.5294117647059,388.235294117647,82.3529411764706,45.4828660436137,47.0588235294118,5.88235294117647,29.4117647058824,29.4117647058824,5.88235294117647,41.1764705882353,5.88235294117647,5.88235294117647,5.88235294117647,0,70.5882352941177,35.2941176470588,35.2941176470588,35.2941176470588,82.3529411764706,0,17.6470588235294,0,0,0
"3",1970,1772482,6564,9.5,27,120.2,213.7,5543.9,1493,3549.7,501.2,"AZ",1799531,0.399405178349248,0.261224174521028,0.207405151675631,0.131965495454093,106.024096385542,8611.44578313253,29.5180722891566,8.43373493975904,390.361445783133,84.3373493975904,45.4828660436137,43.3734939759036,4.81927710843374,9.63855421686747,37.3493975903614,14.4578313253012,34.9397590361446,0,0,0,0,39.7590361445783,14.4578313253012,12.0481927710843,12.0481927710843,93.9759036144578,4.81927710843374,1.20481927710843,0,0,20.4819277108434
"4",1970,1923295,4276,10.1,17.1,45.6,149.5,2198.8,759.4,1320,119.4,"AR",1932816,0.375869198102665,0.236985827931888,0.213349330717461,0.173795643247986,154.166666666667,7888.54166666667,19.7916666666667,8.33333333333333,422.916666666667,56.25,45.4828660436137,54.1666666666667,4.16666666666667,6.25,43.75,22.9166666666667,20.8333333333333,0,0,0,0,52.0833333333333,25,25,25,79.1666666666667,20.8333333333333,0,0,0,0
"5",1970,19953134,94741,6.9,35.1,206.9,225.9,5864.3,1753,3422.1,689.2,"CA",20045806,0.367352053591659,0.280248496867624,0.223862487744319,0.128536961796398,96.1584633853541,10874.6098439376,48.3193277310924,15.9663865546218,376.830732292917,66.7466986794718,45.4828660436137,47.2989195678271,3.96158463385354,20.2881152460984,32.5330132052821,15.9663865546218,32.6530612244898,4.92196878751501,4.92196878751501,4.92196878751501,0,45.2581032412965,17.7671068427371,16.3265306122449,16.3265306122449,87.6350540216086,9.72388955582233,0.240096038415366,2.1608643457383,0.240096038415366,13.6854741896759
"6",1970,2207259,7874,6.2,36,129.1,185.4,4961.4,1380.9,2992.1,588.4,"CO",2228340,0.389338700557366,0.284183742157839,0.206064155380238,0.120413401904557,97.1428571428571,10004.2857142857,40,8.57142857142857,381.428571428571,90,45.4828660436137,40,4.28571428571429,18.5714285714286,31.4285714285714,11.4285714285714,44.2857142857143,4.28571428571429,4.28571428571429,4.28571428571429,0,45.7142857142857,14.2857142857143,12.8571428571429,12.8571428571429,91.4285714285714,7.14285714285714,0,1.42857142857143,0,11.4285714285714
"7",1970,3032217,5167,3.5,9.1,70.4,87.4,3319,1084.2,1750.7,484.2,"CT",3038035,0.368276863169779,0.255315030932823,0.239734894430117,0.136673211467281,89.6,13115.6,6.8,19.2,404.8,68,45.4828660436137,51.2,2.4,21.6,33.6,12.8,36,4,4,4,0,40.8,16.8,16.8,16.8,92.8,7.2,0,0,0,1.6
"8",1970,548104,1795,7.7,18.6,105.5,195.8,3935.6,1056.2,2320.4,559,"DE",551509,0.394845777675432,0.26785238318867,0.221102466142892,0.116199372993006,66.6666666666667,12116.6666666667,0,33.3333333333333,311.111111111111,77.7777777777778,45.4828660436137,33.3333333333333,0,22.2222222222222,11.1111111111111,11.1111111111111,44.4444444444444,0,0,0,0,33.3333333333333,11.1111111111111,0,0,100,0,0,0,0,0
"9",1970,756510,16846,29.2,95.2,1561.9,540.5,8656.6,2873.7,4314.3,1468.6,"DC",755466,0.335011767571274,0.310786984457275,0.217328112714536,0.136873135256914,124.137931034483,10772.4137931034,0,13.7931034482759,331.034482758621,44.8275862068966,45.4828660436137,44.8275862068966,13.7931034482759,31.0344827586207,31.0344827586207,20.6896551724138,37.9310344827586,3.44827586206897,3.44827586206897,3.44827586206897,0,37.9310344827586,13.7931034482759,13.7931034482759,13.7931034482759,31.0344827586207,68.9655172413793,0,0,0,0
"10",1970,6789443,33824,12.7,22.2,186.1,277.2,4819,1561.8,2860.6,396.6,"FL",6865460,0.341792392643756,0.238709715008171,0.220792925747146,0.198704966600927,114.801444043321,9690.25270758123,15.3429602888087,9.38628158844765,387.725631768953,59.5667870036101,45.4828660436137,44.7653429602888,3.6101083032491,13.7184115523466,38.9891696750903,16.6064981949458,33.5740072202166,2.88808664259928,2.88808664259928,2.88808664259928,0,44.4043321299639,17.6895306859206,17.3285198555957,17.3285198555957,79.7833935018051,20.2166064981949,0,0,0,2.16606498194946
"11",1970,4589575,13976,15.3,16.1,95.8,177.3,2577.1,899.9,1368.6,308.6,"GA",4611479,0.395498710934171,0.279210856213375,0.207283389992668,0.118007042859785,94,8948.66666666667,31.6666666666667,8.66666666666667,430.666666666667,68,45.4828660436137,46.6666666666667,6.66666666666667,13.3333333333333,40.6666666666667,22,21.3333333333333,4,4,4,0,43.3333333333333,16.6666666666667,16.6666666666667,16.6666666666667,70,30,0,0,0,0
"12",1970,769913,938,3.6,11.8,63.3,43.1,5143.3,1456.1,3106.1,581.1,"HI",776177,0.392307424724,0.306865573187559,0.212677005373774,0.0881499967146669,54.8387096774194,12748.3870967742,20.9677419354839,12.9032258064516,519.354838709677,48.3870967741936,45.4828660436137,58.0645161290323,0,0,45.1612903225806,9.67741935483871,32.258064516129,0,0,0,0,25.8064516129032,0,0,0,29.0322580645161,0,0,67.741935483871,3.2258064516129,3.2258064516129
"13",1970,713008,879,4.6,12.3,20.5,85.8,3031.5,673.6,2213.7,144.2,"ID",718147,0.407369243344329,0.244632366353964,0.21119909990573,0.136799290395977,100,8450,43.75,0,425,137.5,45.4828660436137,50,0,12.5,37.5,25,25,0,0,0,0,37.5,25,25,25,87.5,0,12.5,0,0,0
"14",1970,11113976,52006,9.6,20.4,251.1,186.8,3311.6,765.4,2028.4,517.8,"IL",11129316,0.375959223370062,0.255951219284276,0.226939732864086,0.141149824481576,104.600484261501,11960.411622276,13.8014527845036,16.7070217917676,401.452784503632,79.1767554479419,45.4828660436137,46.2469733656174,1.69491525423729,17.4334140435835,39.225181598063,14.5278450363196,29.0556900726392,4.11622276029056,4.11622276029056,4.11622276029056,0,49.8789346246973,21.7917675544794,21.5496368038741,21.5496368038741,88.6198547215496,10.8958837772397,0,0.242130750605327,0.242130750605327,2.42130750605327
"15",1970,5193669,12184,4.9,19.9,110.3,99.6,3250.3,925.8,1874.2,450.3,"IN",5206262,0.391193528101352,0.257484736649827,0.216578612447856,0.134743122800965,95.1086956521739,11046.4673913043,0,11.4130434782609,375,84.2391304347826,45.4828660436137,38.0434782608696,1.6304347826087,13.0434782608696,33.1521739130435,17.3913043478261,35.3260869565217,3.80434782608696,3.80434782608696,3.80434782608696,0,46.195652173913,16.8478260869565,16.8478260869565,16.8478260869565,91.8478260869565,7.06521739130435,0,1.08695652173913,0,0.543478260869565
"16",1970,2825041,2241,1.9,6.2,28.5,42.8,2425.8,507.3,1743.4,175,"IA",2830777,0.382058353589845,0.234961991001057,0.214408270238171,0.168571385170927,112.087912087912,10638.4615384615,53.2967032967033,10.989010989011,398.901098901099,82.4175824175824,45.4828660436137,40.6593406593407,4.3956043956044,8.79120879120879,40.6593406593407,16.4835164835165,37.3626373626374,3.2967032967033,3.2967032967033,3.2967032967033,0,49.4505494505495,15.3846153846154,15.3846153846154,15.3846153846154,96.7032967032967,3.2967032967033,0,0,0,0
"17",1970,2249071,4561,4.8,14.5,75.1,108.5,3440.8,881.7,2302.5,256.6,"KS",2248359,0.369995627922409,0.251845012295634,0.214931868086902,0.163227491695054,105,7712.5,55.625,5,378.75,46.25,45.4828660436137,51.25,1.25,5,32.5,25,30,2.5,2.5,2.5,0,47.5,20,18.75,18.75,92.5,6.25,1.25,0,0,1.25
"18",1970,3219311,7157,11.1,13.7,72.8,124.7,2261.8,703.9,1211.5,346.3,"KY",3236121,0.385311612266661,0.254510260895683,0.212608861040734,0.147569265796922,144.943820224719,7916.85393258427,39.3258426966292,4.49438202247191,430.337078651685,42.6966292134831,45.4828660436137,57.3033707865169,1.12359550561798,8.98876404494382,48.314606741573,19.1011235955056,20.2247191011236,2.24719101123596,2.24719101123596,2.24719101123596,0,48.314606741573,15.7303370786517,14.6067415730337,14.6067415730337,94.3820224719101,5.61797752808989,0,0,0,0
"19",1970,3643180,15063,11.7,23.1,140.8,237.8,2902.5,890,1627.7,384.7,"LA",3657391,0.420157702580883,0.25465666645978,0.202365019217251,0.122820611742086,116.923076923077,7732.30769230769,15,6.15384615384615,432.307692307692,52.3076923076923,45.4828660436137,52.3076923076923,3.07692307692308,16.9230769230769,39.2307692307692,17.6923076923077,23.0769230769231,4.61538461538462,4.61538461538462,4.61538461538462,0,41.5384615384615,13.0769230769231,12.3076923076923,12.3076923076923,65.3846153846154,33.8461538461538,0.769230769230769,0,0,2.30769230769231
"20",1970,993663,887,1.5,7,12.6,68.1,1970.7,638.5,1179.6,152.6,"ME",998135,0.381752969287722,0.241211860119122,0.216356504881604,0.160678665711552,151.282051282051,7489.74358974359,47.4358974358974,5.12820512820513,371.794871794872,56.4102564102564,45.4828660436137,53.8461538461538,0,7.69230769230769,46.1538461538462,12.8205128205128,25.6410256410256,2.56410256410256,2.56410256410256,2.56410256410256,0,43.5897435897436,10.2564102564103,7.69230769230769,7.69230769230769,97.4358974358974,0,0,2.56410256410256,0,0
"21",1970,3922399,24512,9.2,23.9,338.6,253.3,4016.1,1051.2,2417.3,547.6,"MD",3943493,0.385610422029404,0.275711659688505,0.225925594390557,0.112752323891535,78.9855072463768,11540.9420289855,10.5072463768116,19.5652173913043,395.652173913043,57.2463768115942,45.4828660436137,44.9275362318841,2.17391304347826,15.2173913043478,41.304347826087,10.8695652173913,24.6376811594203,5.79710144927536,5.79710144927536,5.79710144927536,0,46.3768115942029,17.3913043478261,16.6666666666667,16.6666666666667,78.9855072463768,21.0144927536232,0,0,0,1.44927536231884
"22",1970,5689170,11542,3.5,12,99.5,87.9,3543.4,1134.1,1531.2,878.1,"MA",5699034,0.365617576592805,0.252048505062437,0.226394859198945,0.155939059145813,99.1836734693878,11118.5714285714,22.2448979591837,11.8367346938776,413.061224489796,83.6734693877551,45.4828660436137,47.7551020408163,1.22448979591837,20.4081632653061,29.3877551020408,17.5510204081633,33.469387755102,5.71428571428571,5.71428571428571,5.71428571428571,0,43.265306122449,20.4081632653061,20.4081632653061,20.4081632653061,95.9183673469388,4.08163265306122,0,0,0,0.816326530612245
"23",1970,8875083,51090,9.4,27.1,346.6,192.7,4931.8,1570.7,2897.1,464,"MI",8899844,0.402971332980668,0.255404926198706,0.219135751143503,0.122487989677122,116.711590296496,12756.8733153639,24.5283018867925,19.6765498652291,435.849056603774,87.6010781671159,45.4828660436137,45.2830188679245,2.96495956873315,15.633423180593,30.7277628032345,19.9460916442049,30.9973045822102,5.12129380053908,5.12129380053908,5.12129380053908,0,48.2479784366577,16.711590296496,16.711590296496,16.711590296496,90.0269541778976,9.43396226415094,0,0.539083557951483,0,1.07816711590297
"24",1970,3805069,5782,2,9.7,89.1,51.2,3048.9,801.7,1901.5,345.7,"MN",3815381,0.39952418906526,0.248585921039078,0.203937169053366,0.147952720842296,79.5620437956204,10661.6788321168,5.83941605839416,11.6788321167883,430.656934306569,89.7810218978102,45.4828660436137,48.9051094890511,1.45985401459854,15.3284671532847,40.8759124087591,8.75912408759124,32.1167883211679,4.37956204379562,4.37956204379562,4.37956204379562,0,41.6058394160584,18.2481751824818,18.2481751824818,18.2481751824818,99.2700729927007,0.72992700729927,0,0,0,0.72992700729927
"25",1970,2216912,3974,11.5,8.9,19,139.8,1123.1,351.2,693.6,78.4,"MS",2226138,0.420526041063043,0.2376101571421,0.197898782555259,0.143965019239598,120.338983050847,7189.83050847458,7.6271186440678,5.08474576271187,445.762711864407,77.9661016949153,45.4828660436137,47.4576271186441,1.69491525423729,11.864406779661,44.0677966101695,16.9491525423729,18.6440677966102,5.08474576271187,5.08474576271187,5.08474576271187,0,37.2881355932203,20.3389830508475,20.3389830508475,20.3389830508475,76.271186440678,23.728813559322,0,0,0,0
"26",1970,4677399,18986,10.7,27.4,200.8,167,3748.8,1137,2073.9,537.8,"MO",4686588,0.367747708994262,0.247025768000089,0.218124358275146,0.167102164730503,105.161290322581,10404.1935483871,17.0967741935484,12.258064516129,398.709677419355,54.1935483870968,45.4828660436137,50.3225806451613,3.2258064516129,9.67741935483871,47.741935483871,16.1290322580645,23.8709677419355,2.58064516129032,2.58064516129032,2.58064516129032,0,47.0967741935484,18.7096774193548,18.0645161290323,18.0645161290323,89.6774193548387,10.3225806451613,0,0,0,0.645161290322581
"27",1970,694409,774,3.2,10.5,22.3,75.5,2771.4,593.7,1955.9,221.8,"MT",697665,0.400025800348305,0.243103781901056,0.217241799430959,0.139628618319681,131.25,10275,0,6.25,437.5,118.75,45.4828660436137,43.75,0,18.75,37.5,18.75,25,12.5,12.5,12.5,0,62.5,31.25,31.25,31.25,100,0,0,0,0,0
"28",1970,1483791,2731,3,9.3,57.3,114.5,2368.9,504.5,1572.5,291.9,"NE",1489064,0.379765409680175,0.243774612776885,0.208557859165221,0.167902118377719,110,10413.3333333333,68.3333333333333,13.3333333333333,326.666666666667,33.3333333333333,45.4828660436137,53.3333333333333,0,26.6666666666667,36.6666666666667,6.66666666666667,43.3333333333333,3.33333333333333,3.33333333333333,3.33333333333333,0,46.6666666666667,23.3333333333333,23.3333333333333,23.3333333333333,100,0,0,0,0,0
"29",1970,488738,1948,8.8,19.6,188.4,181.7,5365.2,1660.6,3044,660.7,"NV",494996,0.376089907797235,0.291759933413603,0.232268543584191,0.0998816152049714,114.285714285714,13121.4285714286,0,23.8095238095238,380.952380952381,33.3333333333333,45.4828660436137,33.3333333333333,4.76190476190476,28.5714285714286,23.8095238095238,19.047619047619,33.3333333333333,9.52380952380952,9.52380952380952,9.52380952380952,0,61.9047619047619,33.3333333333333,28.5714285714286,28.5714285714286,100,0,0,0,0,0
"30",1970,737681,413,2,6,12.1,35.9,1666.2,565.6,928.6,172,"NH",742566,0.381245572784103,0.25542780035714,0.214286676201173,0.149039950657585,40.9090909090909,9436.36363636364,0,0,395.454545454545,45.4545454545455,45.4828660436137,68.1818181818182,4.54545454545455,13.6363636363636,27.2727272727273,0,31.8181818181818,0,0,0,0,31.8181818181818,13.6363636363636,13.6363636363636,13.6363636363636,100,0,0,0,0,0
"31",1970,7168164,20583,5.7,12.9,169.4,99,3288.2,1041.4,1689.4,557.4,"NJ",7193210,0.363179303815682,0.250265597695605,0.24580903379715,0.140746064691563,102.755905511811,12106.2992125984,11.0236220472441,17.7165354330709,407.874015748031,72.8346456692913,45.4828660436137,51.5748031496063,0.393700787401575,12.992125984252,39.3700787401575,16.9291338582677,25.9842519685039,5.11811023622047,5.11811023622047,5.11811023622047,0,51.9685039370079,16.9291338582677,16.9291338582677,16.9291338582677,90.1574803149606,9.44881889763779,0,0.393700787401575,0,1.18110236220472
"32",1970,1016000,3093,9.6,22.3,67.6,204.8,4131.6,1196.5,2532.4,402.8,"NM",1024290,0.436050337306817,0.262701969168888,0.197927344794931,0.103320348729364,104.166666666667,9572.91666666667,29.1666666666667,4.16666666666667,491.666666666667,66.6666666666667,45.4828660436137,54.1666666666667,0,8.33333333333333,45.8333333333333,16.6666666666667,4.16666666666667,8.33333333333333,8.33333333333333,8.33333333333333,0,58.3333333333333,29.1666666666667,29.1666666666667,29.1666666666667,95.8333333333333,0,4.16666666666667,0,0,54.1666666666667
"33",1970,18190740,124613,7.9,15.8,446.1,215.2,4286.3,1470.4,2125,690.9,"NY",18266034,0.353219149816539,0.256895941395926,0.235611189599231,0.154273719188303,112.57225433526,11610.9104046243,32.1531791907514,17.7745664739884,375.28901734104,64.7398843930636,45.4828660436137,43.6416184971098,1.58959537572254,16.0404624277457,33.092485549133,19.364161849711,31.2138728323699,3.61271676300578,3.61271676300578,3.61271676300578,0,44.364161849711,18.3526011560694,18.2080924855491,18.2080924855491,88.8728323699422,10.5491329479769,0,0.578034682080925,0,7.08092485549133
"34",1970,5082059,18814,11.7,12.9,52.3,293.2,2272.5,765.8,1338.9,167.8,"NC",5107138,0.387560900057919,0.275397296881345,0.216487394701298,0.120554408359437,94.0476190476191,8365.47619047619,14.2857142857143,9.52380952380952,394.047619047619,71.4285714285714,45.4828660436137,45.2380952380952,0.595238095238095,17.2619047619048,35.7142857142857,16.6666666666667,25,2.97619047619048,2.97619047619048,2.97619047619048,0,43.452380952381,18.452380952381,18.452380952381,18.452380952381,72.0238095238095,24.4047619047619,2.97619047619048,0.595238095238095,0,0
"35",1970,617761,211,0.5,6.2,6.5,21,1672.3,286.4,1295,91,"ND",619616,0.405055711924805,0.237263079068326,0.20619383618241,0.151487372824459,93.75,6012.5,0,0,393.75,100,45.4828660436137,56.25,0,18.75,25,18.75,25,6.25,6.25,6.25,0,50,18.75,18.75,18.75,100,0,0,0,0,0
"36",1970,10652017,30279,6.6,16,145.9,115.9,3290.1,853.9,1943.5,492.8,"OH",10672784,0.386512366407865,0.254586151092349,0.225286579396716,0.13361490310307,86.3270777479893,11543.8337801609,13.4048257372654,14.745308310992,424.932975871314,77.2117962466488,45.4828660436137,47.1849865951743,1.60857908847185,12.0643431635389,36.1930294906166,16.6219839142091,31.0991957104558,2.14477211796247,2.14477211796247,2.14477211796247,0,46.112600536193,15.0134048257373,14.745308310992,14.745308310992,90.3485254691689,9.38337801608579,0,0,0.268096514745308,0
"37",1970,2559253,5194,5.9,15.6,54.7,126.7,2774.4,835.4,1659.6,279.3,"OK",2570926,0.36335079267159,0.254245746474228,0.217908255624627,0.164495205229555,75.3246753246753,7814.93506493507,12.987012987013,6.49350649350649,350.649350649351,45.4545454545455,45.4828660436137,45.4545454545455,1.2987012987013,23.3766233766234,32.4675324675325,11.6883116883117,36.3636363636364,5.19480519480519,5.19480519480519,5.19480519480519,0,49.3506493506493,20.7792207792208,19.4805194805195,19.4805194805195,93.5064935064935,3.8961038961039,2.5974025974026,0,0,0
"38",1970,2091385,5373,4.6,18,102.5,131.7,4431.3,1273.4,2825,332.8,"OR",2103151,0.369066700393838,0.252931910262268,0.224943905596888,0.153057483747006,136.708860759494,9802.53164556962,13.2911392405063,10.126582278481,389.873417721519,81.0126582278481,45.4828660436137,43.0379746835443,1.26582278481013,15.1898734177215,39.2405063291139,22.7848101265823,24.0506329113924,3.79746835443038,3.79746835443038,3.79746835443038,0,46.8354430379747,25.3164556962025,25.3164556962025,25.3164556962025,98.7341772151899,0,0,1.26582278481013,0,1.26582278481013
"39",1970,11793909,25970,5.4,11.9,108.6,94.2,1965.6,599.7,1020.7,345.2,"PA",11817397,0.360364384813339,0.237820985450518,0.246846069400901,0.154968560335241,111.530398322851,10046.9601677149,25.1572327044025,10.9014675052411,408.176100628931,68.1341719077568,45.4828660436137,45.0733752620545,2.30607966457023,11.1111111111111,38.1551362683438,18.6582809224319,30.398322851153,3.14465408805031,3.14465408805031,3.14465408805031,0,44.8637316561845,16.1425576519916,15.9329140461216,15.9329140461216,90.9853249475891,8.59538784067086,0,0.209643605870021,0.209643605870021,0.628930817610063
"40",1970,949723,1944,3.2,3.6,78.3,119.6,4064.1,1018.9,2186.2,859,"RI",952555,0.354648288025363,0.256523770280981,0.233708289810037,0.155119651883618,91.6666666666667,10652.7777777778,56.9444444444444,8.33333333333333,397.222222222222,113.888888888889,45.4828660436137,38.8888888888889,0,11.1111111111111,30.5555555555556,19.4444444444444,36.1111111111111,8.33333333333333,8.33333333333333,8.33333333333333,0,38.8888888888889,22.2222222222222,22.2222222222222,22.2222222222222,97.2222222222222,2.77777777777778,0,0,0,0
"41",1970,2590516,7412,14.6,18,60.1,193.4,2772,1019.4,1495.5,257.1,"SC",2604662,0.41180275982066,0.271231737553663,0.206665202625139,0.110300300000538,107.058823529412,9002.94117647059,0,5.88235294117647,435.294117647059,88.2352941176471,45.4828660436137,52.9411764705882,3.52941176470588,12.9411764705882,43.5294117647059,16.4705882352941,21.1764705882353,4.70588235294118,4.70588235294118,4.70588235294118,0,56.4705882352941,20,17.6470588235294,17.6470588235294,68.2352941176471,31.7647058823529,0,0,0,0
"42",1970,666257,616,3.8,11.1,17.1,60.5,1961.1,471.3,1396.2,93.7,"SD",667299,0.40109006607233,0.225050539563224,0.209451834934565,0.164407559429881,54.5454545454545,9963.63636363636,0,9.09090909090909,445.454545454545,127.272727272727,45.4828660436137,54.5454545454545,0,45.4545454545455,27.2727272727273,0,18.1818181818182,9.09090909090909,9.09090909090909,9.09090909090909,0,36.3636363636364,18.1818181818182,18.1818181818182,18.1818181818182,100,0,0,0,0,0
"43",1970,3924164,10787,8.8,15.5,82,168.6,2120.7,806.7,1024.7,289.3,"TN",3942583,0.375687715388617,0.263380377787861,0.219497217940624,0.141434688882897,100.746268656716,8202.61194029851,7.83582089552239,5.97014925373134,402.238805970149,76.865671641791,45.4828660436137,41.044776119403,0.746268656716418,10.4477611940298,46.2686567164179,18.6567164179104,22.3880597014925,2.98507462686567,2.98507462686567,2.98507462686567,0,50,21.6417910447761,21.6417910447761,21.6417910447761,84.3283582089552,15.6716417910448,0,0,0,0
"44",1970,11196000,40897,11.6,20.8,136.5,196.4,3808.1,1159.9,2242.7,405.4,"TX",11260221,0.394548028853075,0.268351837854692,0.209013126829393,0.128087006462839,94.0639269406393,9161.5296803653,20.5479452054795,7.76255707762557,441.324200913242,80.8219178082192,45.4828660436137,46.3470319634703,4.79452054794521,15.0684931506849,37.8995433789954,16.2100456621005,26.7123287671233,4.5662100456621,4.5662100456621,4.5662100456621,0,47.2602739726027,18.9497716894977,18.7214611872146,18.7214611872146,88.5844748858447,11.1872146118721,0,0.228310502283105,0,21.689497716895
"45",1970,1059273,1459,3.4,10.9,53.1,70.3,4063.9,915,2832.7,316.3,"UT",1067600,0.442968340202323,0.266845260397153,0.184537279880105,0.10564911952042,67.5,10138.75,0,5,485,75,45.4828660436137,57.5,2.5,17.5,35,12.5,35,5,5,5,0,35,17.5,17.5,17.5,100,0,0,0,0,0
"46",1970,444732,329,1.3,10.3,7.6,54.6,1823.1,730.6,968.7,123.9,"VT",446649,0.394676804381069,0.252032356503653,0.204178224959644,0.149112614155635,0,11170,0,20,400,40,45.4828660436137,60,0,0,40,0,40,0,0,0,0,20,20,20,20,100,0,0,0,0,0
"47",1970,4648494,14040,10.4,17.1,95.5,179.1,3363.4,914.6,2134.9,313.9,"VA",4671101,0.378376960806457,0.285515128017998,0.219879210490203,0.116228700685342,117.751479289941,9818.9349112426,23.6686390532544,15.3846153846154,378.10650887574,75.7396449704142,45.4828660436137,41.4201183431953,2.9585798816568,19.5266272189349,34.3195266272189,15.3846153846154,31.3609467455621,6.50887573964497,6.50887573964497,6.50887573964497,0,44.3786982248521,11.8343195266272,9.46745562130178,9.46745562130178,83.4319526627219,15.3846153846154,0,1.18343195266272,0,0
"48",1970,3409169,7546,3.5,18,93.5,106.3,4659.7,1444.5,2853.5,361.8,"WA",3419974,0.377155498842974,0.267878937091335,0.220338517193406,0.134627046872286,NA,NA,NA,NA,NA,NA,45.4828660436137,NA,NA,NA,NA,NA,NA,NA,NA,NA,NA,NA,NA,NA,NA,NA,NA,NA,NA,NA,NA
"49",1970,1744237,2158,6.2,6.7,27.3,83.5,1254.8,388.5,773.8,92.4,"WV",1749347,0.37029245769993,0.234247979388881,0.235752540805226,0.159707022105963,112.380952380952,9697.14285714286,67.1428571428571,13.3333333333333,368.571428571429,76.1904761904762,45.4828660436137,38.0952380952381,6.66666666666667,17.1428571428571,26.6666666666667,20.952380952381,36.1904761904762,7.61904761904762,7.61904761904762,7.61904761904762,0,44.7619047619048,14.2857142857143,13.3333333333333,13.3333333333333,93.3333333333333,3.80952380952381,0.952380952380952,1.9047619047619,0,1.9047619047619
"50",1970,4417933,3792,2,6.7,33.1,44,2616.2,538.5,1860.1,217.6,"WI",4426419,0.395756705363862,0.243271818596477,0.211617562639235,0.149353913400426,118.181818181818,6895.45454545455,25.7575757575758,3.03030303030303,400,103.030303030303,45.4828660436137,30.3030303030303,0,6.06060606060606,39.3939393939394,6.06060606060606,45.4545454545455,3.03030303030303,3.03030303030303,3.03030303030303,0,21.2121212121212,12.1212121212121,12.1212121212121,12.1212121212121,90.9090909090909,9.09090909090909,0,0,0,0
"51",1970,332416,376,5.7,12.3,22,73.1,2859.1,645.9,2048.6,164.6,"WY",333928,0.396468699839486,0.253192304928008,0.219271819074771,0.131067176157735,93.8356164383562,10781.8493150685,22.6027397260274,8.21917808219178,419.178082191781,82.8767123287671,45.4828660436137,48.6301369863014,4.10958904109589,13.6986301369863,43.1506849315069,10.958904109589,28.0821917808219,6.16438356164384,6.16438356164384,6.16438356164384,0,50.6849315068493,17.8082191780822,17.8082191780822,17.8082191780822,95.8904109589041,3.42465753424658,0.684931506849315,0,0,0.684931506849315
"53",1980,3861466,17320,13.2,30,132.1,273.2,4485.1,1526.7,2642.2,316.2,"AL",3899671,0.336558135288849,0.306496368539808,0.199987896414851,0.156957599756492,105.61797752809,18472.6779026217,29.4007490636704,14.9812734082397,366.292134831461,64.7940074906367,45.4828660436137,42.6966292134831,3.37078651685393,18.7265917602996,29.2134831460674,19.1011235955056,35.9550561797753,2.99625468164794,2.99625468164794,2.99625468164794,0,50.187265917603,73.0337078651685,5.61797752808989,0,76.7790262172285,22.4719101123595,0,0.749063670411985,0,0
"54",1980,440142,1919,8.9,56.8,81.8,288.5,5209.7,1259.8,3388.9,561,"AK",404680,0.361327468617179,0.415671641791045,0.173638430364733,0.0493624592270436,150,32459.7916666667,21.0416666666667,29.1666666666667,441.666666666667,125,45.4828660436137,37.5,4.16666666666667,25,25,16.6666666666667,33.3333333333333,8.33333333333333,8.33333333333333,8.33333333333333,0,45.8333333333333,87.5,8.33333333333333,0,75,4.16666666666667,20.8333333333333,0,0,4.16666666666667
"55",1980,2715357,17673,10.3,45.2,193.6,401.8,7519.9,2155.4,4891.2,473.3,"AZ",2735840,0.327722381425814,0.321985203813088,0.190667217381133,0.159625197379964,105.590062111801,19286.3664596273,71.5527950310559,17.3913043478261,352.173913043478,61.4906832298137,45.4828660436137,40.9937888198758,6.2111801242236,31.6770186335404,19.2546583850932,12.4223602484472,47.8260869565217,4.34782608695652,4.34782608695652,4.34782608695652,0,44.0993788819876,76.3975155279503,3.72670807453416,0,91.304347826087,3.1055900621118,4.34782608695652,0.62111801242236,0.62111801242236,18.0124223602484
"56",1980,2284037,7656,9.2,26.7,80.9,218.4,3475.9,1119,2169.8,187.1,"AR",2288809,0.329417177230603,0.290828985730133,0.194471884722578,0.185281952316685,105.389221556886,17224.8502994012,85.059880239521,8.98203592814371,346.706586826347,62.874251497006,45.4828660436137,34.1317365269461,5.98802395209581,17.9640718562874,28.7425149700599,17.3652694610778,35.3293413173653,5.38922155688623,5.38922155688623,5.38922155688623,0,48.502994011976,76.6467065868264,6.58682634730539,0,82.6347305389222,16.1676646706587,0.598802395209581,0.598802395209581,0,0.598802395209581
"57",1980,23532680,210290,14.5,58.2,384.2,436.7,6939.5,2316.5,3880,742.9,"CA",23792840,0.306708656890056,0.346133248489882,0.202908185823971,0.144249908796092,92.1875,22243.0528846154,152.998798076923,22.4158653846154,332.512019230769,59.375,45.4828660436137,44.1105769230769,7.27163461538462,30.46875,22.8966346153846,13.6418269230769,41.4663461538462,6.55048076923077,6.55048076923077,6.55048076923077,0,47.5360576923077,76.3221153846154,5.10817307692308,0.240384615384615,84.1346153846154,8.35336538461538,1.5625,5.82932692307692,0.120192307692308,18.6298076923077
"58",1980,2878407,15215,6.9,52.5,160.1,309.2,6804.9,2030.8,4325.8,448.3,"CO",2909545,0.318552557186777,0.369957158249829,0.190112887066534,0.121377397496859,74.8743718592965,21807.4120603015,15.6532663316583,18.5929648241206,338.693467336683,49.2462311557789,45.4828660436137,51.7587939698493,4.02010050251256,28.1407035175879,26.1306532663317,11.5577889447236,37.1859296482412,9.54773869346734,9.54773869346734,9.54773869346734,0,44.2211055276382,71.356783919598,5.0251256281407,0,93.4673366834171,3.01507537688442,1.00502512562814,2.51256281407035,0,13.0653266331658
"59",1980,3095224,12768,4.7,21.6,218,168.1,5469.2,1700.6,3089.6,678.9,"CT",3114221,0.299612969021787,0.312990953435867,0.218844455804517,0.168551621737828,63.4361233480176,26985.2202643172,47.15859030837,28.6343612334802,333.920704845815,56.3876651982379,45.4828660436137,46.2555066079295,2.20264317180617,26.8722466960352,30.3964757709251,9.69162995594714,37.0044052863436,8.37004405286344,8.37004405286344,8.37004405286344,0,52.863436123348,74.4493392070485,7.48898678414097,0,94.7136563876652,4.84581497797357,0.440528634361234,0,0,3.52422907488987
"60",1980,594779,2824,6.9,24.2,137,306.7,6301.8,1630.5,4216.2,455.1,"DE",594936,0.320792488603816,0.321893447362405,0.211673188376565,0.145640875657214,85.4166666666667,23261.6666666667,66.7708333333333,29.1666666666667,366.666666666667,95.8333333333333,45.4828660436137,29.1666666666667,8.33333333333333,20.8333333333333,20.8333333333333,18.75,50,4.16666666666667,4.16666666666667,4.16666666666667,0,37.5,81.25,8.33333333333333,0,83.3333333333333,16.6666666666667,0,0,0,2.08333333333333
"61",1980,635233,12772,31.5,69.1,1400.6,509.4,8012.2,2559.7,4890.8,561.7,"DC",637161,0.26526262592971,0.368726271695851,0.203171568881335,0.162839533493105,111.428571428571,17797.2857142857,259,20,308.571428571429,60,45.4828660436137,57.1428571428571,2.85714285714286,28.5714285714286,8.57142857142857,20,42.8571428571429,8.57142857142857,8.57142857142857,8.57142857142857,0,42.8571428571429,85.7142857142857,2.85714285714286,0,31.4285714285714,65.7142857142857,0,2.85714285714286,0,11.4285714285714
"62",1980,9567112,94095,14.5,56.9,355.5,556.6,7418.4,2506.8,4434.2,477.5,"FL",9841159,0.274631981863112,0.286712774379522,0.207517325957237,0.231137917800129,97.134670487106,18599.5773638968,63.9255014326648,14.6131805157593,324.498567335244,53.8681948424069,45.4828660436137,38.6819484240688,5.30085959885387,23.2091690544413,23.9255014326648,16.9054441260745,40.8309455587393,7.30659025787966,7.30659025787966,7.30659025787966,0,44.5558739255014,78.3667621776504,6.30372492836676,0.143266475644699,83.6676217765043,15.3295128939828,0.429799426934097,0.286532951289398,0.286532951289398,8.45272206303725
"63",1980,5400851,29993,13.8,44.3,197.6,299.7,5048.3,1699.2,2976.6,372.4,"GA",5484427,0.339479219980501,0.331173703287508,0.194944886676402,0.134402190055588,87.8116343490305,18571.6620498615,92.9639889196676,13.0193905817175,360.387811634349,70.0831024930748,45.4828660436137,40.4432132963989,5.54016620498615,20.2216066481994,33.7950138504155,15.5124653739612,31.0249307479224,6.09418282548476,6.09418282548476,6.09418282548476,0,52.6315789473684,75.6232686980609,6.64819944598338,0,67.590027700831,31.8559556786704,0.277008310249307,0,0.277008310249307,1.10803324099723
"64",1980,964680,2889,8.7,34.7,190.2,65.8,7182.8,1847.5,4723.2,612.1,"HI",961525,0.322269311770365,0.362479394711526,0.19581498140974,0.11943631210837,81.8181818181818,21991.7424242424,24.7727272727273,15.1515151515152,406.060606060606,62.1212121212121,45.4828660436137,48.4848484848485,6.06060606060606,25.7575757575758,24.2424242424242,12.1212121212121,43.9393939393939,4.54545454545455,4.54545454545455,4.54545454545455,0,48.4848484848485,72.7272727272727,0,1.51515151515152,37.8787878787879,1.51515151515152,0,60.6060606060606,0,10.6060606060606
"65",1980,943629,2957,3.1,22.4,46.8,241.1,4468.8,1238.9,2993,236.9,"ID",948582,0.363363420347424,0.3173431500914,0.179072552504686,0.140220877056491,80,19840.9166666667,8.08333333333333,10,361.666666666667,50,45.4828660436137,50,3.33333333333333,18.3333333333333,35,18.3333333333333,31.6666666666667,6.66666666666667,6.66666666666667,6.66666666666667,0,51.6666666666667,60,6.66666666666667,0,98.3333333333333,0,0,1.66666666666667,0,1.66666666666667
"66",1980,11355062,91753,10.6,34.8,367,395.6,5461.1,1559.6,3252.5,649,"IL",11435454,0.320998798998273,0.31865013842039,0.204736689946897,0.15561437263444,85.4472630173565,23380.3805073431,94.8798397863818,24.0320427236315,360.347129506008,64.0854472630174,45.4828660436137,43.9252336448598,4.93991989319092,22.1628838451268,24.2990654205607,17.2229639519359,40.8544726301736,5.4739652870494,5.4739652870494,5.4739652870494,0,47.5300400534045,75.8344459279039,5.60747663551402,0,82.5100133511348,15.7543391188251,0.133511348464619,1.46862483311081,0.133511348464619,4.53938584779706
"67",1980,5461103,20633,8.9,33.1,141.4,194.5,4552.5,1313.3,2807.1,432.2,"IN",5492740,0.333153762967117,0.315332966788889,0.201602843025521,0.149910427218474,81.6793893129771,22941.1450381679,82.0229007633588,22.64631043257,353.944020356234,72.5190839694656,45.4828660436137,42.4936386768448,4.07124681933842,20.3562340966921,23.6641221374046,14.7582697201018,41.9847328244275,5.08905852417303,5.08905852417303,5.08905852417303,0,47.0737913486005,74.8091603053435,6.10687022900763,0.254452926208651,90.0763358778626,9.16030534351145,0.254452926208651,0.508905852417303,0,1.78117048346056
"68",1980,2907804,5826,2.2,14.3,54.9,129,4546.4,1079.5,3219.1,247.8,"IA",2915562,0.322171848857956,0.303974328105525,0.194607077469112,0.179246745567407,85.2631578947368,22652.7105263158,23.6052631578947,18.4210526315789,341.578947368421,56.8421052631579,45.4828660436137,46.3157894736842,3.15789473684211,23.1578947368421,33.1578947368421,6.8421052631579,43.6842105263158,3.68421052631579,3.68421052631579,3.68421052631579,0,47.3684210526316,66.8421052631579,8.42105263157895,0,98.4210526315789,0,1.05263157894737,0.526315789473684,0,2.10526315789474
"69",1980,2354783,9168,6.9,31.5,113.1,237.8,4989.5,1521.4,3196.4,271.7,"KS",2370088,0.313327606401113,0.315765912489325,0.196237439284955,0.174669041824607,76.1538461538461,23524.6923076923,18.3846153846154,21.5384615384615,356.153846153846,72.3076923076923,45.4828660436137,47.6923076923077,5.38461538461539,20,23.8461538461538,8.46153846153846,50.7692307692308,3.84615384615385,3.84615384615385,3.84615384615385,0,47.6923076923077,73.8461538461539,1.53846153846154,0.769230769230769,96.1538461538462,3.07692307692308,0,0.769230769230769,0,3.84615384615385
"70",1980,3641479,9711,8.8,19.2,95.2,143.5,3167.1,1040.8,1875.5,250.7,"KY",3665364,0.334440726760016,0.315028466476999,0.196157325711716,0.154373481051268,117.153284671533,17396.4598540146,50.9306569343066,11.6788321167883,342.335766423358,57.6642335766423,45.4828660436137,39.7810218978102,4.01459854014599,13.8686131386861,37.5912408759124,16.0583941605839,31.021897810219,3.28467153284672,3.28467153284672,3.28467153284672,0,45.6204379562044,76.2773722627737,4.74452554744525,0.364963503649635,90.5109489051095,9.48905109489051,0,0,0,0.72992700729927
"71",1980,4199542,27926,15.7,44.5,197,407.8,4788.8,1523.9,2888.4,376.5,"LA",4221583,0.356832733124044,0.321099691750701,0.187370709044451,0.134696866080804,101.365187713311,18205.1706484642,113.412969283276,15.6996587030717,354.266211604096,64.8464163822526,45.4828660436137,43.0034129692833,3.7542662116041,17.7474402730375,34.8122866894198,16.7235494880546,31.740614334471,3.41296928327645,3.41296928327645,3.41296928327645,0,41.9795221843003,72.0136518771331,5.11945392491468,0,68.9419795221843,30.3754266211604,0,0.68259385665529,0,3.07167235494881
"72",1980,1123670,2173,2.8,12.9,30.8,146.8,4174.2,1182.8,2772.3,219.1,"ME",1127825,0.322753086693414,0.307488307139849,0.19894221177931,0.170816394387427,110,17984.9285714286,47.2857142857143,5.71428571428571,334.285714285714,62.8571428571429,45.4828660436137,41.4285714285714,4.28571428571429,18.5714285714286,27.1428571428571,21.4285714285714,34.2857142857143,4.28571428571429,4.28571428571429,4.28571428571429,0,41.4285714285714,78.5714285714286,7.14285714285714,0,100,0,0,0,0,0
"73",1980,4192211,35735,9.5,40.1,392.7,410.1,5777.7,1698,3629.2,450.5,"MD",4226191,0.313250868216794,0.335231180985431,0.214183173453353,0.137334777344422,81.25,23697.5625,59.75,21.25,355,55.8333333333333,45.4828660436137,50,2.91666666666667,23.75,22.9166666666667,16.25,38.75,5.83333333333333,5.83333333333333,5.83333333333333,0,47.0833333333333,72.5,4.58333333333333,0,72.0833333333333,25,0,2.5,0.416666666666667,2.91666666666667
"74",1980,5728288,34444,4.1,27.3,235.5,334.4,5477.8,1740.4,2685.8,1051.6,"MA",5748441,0.298275480256299,0.322454209758785,0.203895804097146,0.17537450588777,84.1530054644809,20898.1147540984,60.1092896174863,17.7595628415301,321.03825136612,54.9180327868852,45.4828660436137,43.9890710382514,3.82513661202186,31.6939890710383,23.224043715847,13.3879781420765,38.7978142076503,8.19672131147541,8.19672131147541,8.19672131147541,0,48.9071038251366,77.5956284153005,5.73770491803279,0,92.896174863388,5.19125683060109,0.546448087431694,1.36612021857923,0,4.0983606557377
"75",1980,9228128,59014,10.2,46.6,244,338.6,6036.4,1741.3,3710.2,584.9,"MI",9256676,0.335420727699662,0.321886819847643,0.20087134949954,0.141821102953155,92.7641099855282,24164.493487699,82.94500723589,23.8784370477569,350.361794500724,64.3994211287988,45.4828660436137,45.1519536903039,4.19681620839363,21.5629522431259,25.1808972503618,16.6425470332851,40.520984081042,3.90738060781476,3.90738060781476,3.90738060781476,0,44.862518089725,72.6483357452967,4.34153400868307,0.289435600578871,86.1070911722142,12.5904486251809,0.723589001447178,0.578871201157742,0,1.59189580318379
"76",1980,4061235,9250,2.6,23.2,99.1,102.9,4571.7,1246,3029.9,295.9,"MN",4086746,0.326520415019676,0.324511237057551,0.189153424264684,0.159814923658089,85.9154929577465,22994.8591549296,62.3943661971831,20.6572769953052,361.032863849765,72.3004694835681,45.4828660436137,41.7840375586854,3.28638497652582,21.1267605633803,25.3521126760563,13.6150234741784,44.131455399061,4.69483568075117,4.69483568075117,4.69483568075117,0,47.4178403755869,76.5258215962441,6.57276995305164,0,92.4882629107981,2.8169014084507,1.40845070422535,2.8169014084507,0.469483568075117,0.469483568075117
"77",1980,2511491,8588,14.5,24.6,81,221.7,3075.2,1179.1,1717.8,178.4,"MS",2524011,0.363643819301897,0.295202754663114,0.185008306223705,0.156145119811285,101.190476190476,16077.8571428571,113.779761904762,10.1190476190476,385.119047619048,71.4285714285714,45.4828660436137,47.6190476190476,2.97619047619048,19.047619047619,37.5,17.8571428571429,27.9761904761905,3.57142857142857,3.57142857142857,3.57142857142857,0,42.8571428571429,66.6666666666667,5.35714285714286,0,67.2619047619048,32.7380952380952,0,0,0,1.78571428571429
"78",1980,4901288,27177,11.1,32.6,223.6,287.2,4878.6,1668.9,2795.1,414.6,"MO",4923025,0.31488769608117,0.304326100314339,0.202849467552978,0.177936736051513,119,19458.05,86.8166666666667,18,317.666666666667,58.3333333333333,45.4828660436137,36,6,21,28.3333333333333,15,38,8,8,8,0,50.6666666666667,80.6666666666667,5,0,88.6666666666667,10,0.333333333333333,1,0,0.666666666666667
"79",1980,781592,1740,4,21,34,163.6,4801.9,950.6,3529.6,321.7,"MT",788754,0.332155526311119,0.324397720962429,0.191319473498708,0.152127279227744,95.7446808510638,15465.3191489362,13.7234042553191,8.51063829787234,351.063829787234,53.1914893617021,45.4828660436137,51.063829787234,12.7659574468085,19.1489361702128,27.6595744680851,17.0212765957447,34.0425531914894,6.38297872340426,6.38297872340426,6.38297872340426,0,48.936170212766,61.7021276595745,6.38297872340426,0,91.4893617021277,0,6.38297872340426,2.12765957446809,0,0
"80",1980,1563921,3512,4.4,23.2,82.2,114.7,4080.6,915.4,2921.6,243.6,"NE",1572854,0.32316031875813,0.311262838127379,0.191305105241809,0.174271737872682,105.454545454545,18353.0454545455,50.9090909090909,15.4545454545455,322.727272727273,64.5454545454545,45.4828660436137,39.0909090909091,3.63636363636364,28.1818181818182,23.6363636363636,12.7272727272727,43.6363636363636,4.54545454545455,4.54545454545455,4.54545454545455,0,47.2727272727273,75.4545454545455,1.81818181818182,0,99.0909090909091,0,0,0.909090909090909,0,0.909090909090909
"81",1980,800312,7304,20,67.2,460.6,364.9,7941.4,2906.7,4356.3,678.4,"NV",810232,0.303767316028002,0.350263875038261,0.218741051945616,0.127227756988122,65.9574468085106,22180.1063829787,52.2340425531915,23.4042553191489,325.531914893617,59.5744680851064,45.4828660436137,34.0425531914894,14.8936170212766,23.4042553191489,12.7659574468085,21.2765957446809,46.8085106382979,8.51063829787234,8.51063829787234,8.51063829787234,0,48.936170212766,80.8510638297872,2.12765957446809,0,89.3617021276596,10.6382978723404,0,0,0,8.51063829787234
"82",1980,919114,1653,2.5,17.3,42,118,4499.8,1312.9,2877,309.9,"NH",924802,0.318530885530092,0.329238042305272,0.197002169112956,0.15522890305168,81.25,24790.4166666667,25.1041666666667,25,372.916666666667,62.5,45.4828660436137,47.9166666666667,6.25,22.9166666666667,20.8333333333333,18.75,45.8333333333333,6.25,6.25,6.25,0,43.75,70.8333333333333,0,0,97.9166666666667,2.08333333333333,0,0,0,0
"83",1980,7342164,44373,6.9,30.7,303.7,263,5797,1878.2,3189.3,729.5,"NJ",7376972,0.303965773490804,0.304425447188901,0.224225739232845,0.167383040087451,87.1331828442438,24238.611738149,84.2437923250564,23.7020316027088,353.72460496614,67.4943566591422,45.4828660436137,43.7923250564334,4.06320541760722,25.5079006772009,27.0880361173815,18.058690744921,34.0857787810384,8.80361173814898,8.80361173814898,8.80361173814898,0,44.920993227991,74.9435665914221,7.67494356659142,0.451467268623025,87.8103837471783,11.2866817155756,0,0.90293453724605,0,10.8352144469526
"84",1980,1295474,7967,13.1,43.3,127.9,430.7,5364.1,1492.5,3521,350.6,"NM",1309108,0.360262102133667,0.32340647219328,0.189366347161579,0.126965078511475,86.5671641791045,15809.552238806,66.7910447761194,10.4477611940298,395.522388059701,74.6268656716418,45.4828660436137,44.7761194029851,2.98507462686567,17.910447761194,28.3582089552239,17.910447761194,26.865671641791,5.97014925373134,5.97014925373134,5.97014925373134,0,58.2089552238806,71.6417910447761,2.98507462686567,0,85.0746268656716,1.49253731343284,11.9402985074627,1.49253731343284,0,46.2686567164179
"85",1980,17506690,180235,12.7,30.9,641.3,344.6,5882,2061.6,3060.4,759.9,"NY",17566376,0.302136422447066,0.309406846352372,0.217061675100203,0.171395056100359,98.4140233722871,20575.5383973289,137.049248747913,17.9465776293823,343.238731218698,59.0984974958264,45.4828660436137,45.7429048414023,4.50751252086811,25.7095158597663,26.2938230383973,14.9415692821369,37.3121869782972,6.09348914858097,6.09348914858097,6.09348914858097,0,46.5776293823038,75.3756260434057,4.42404006677796,0.417362270450751,82.4707846410684,13.8564273789649,0.500834724540901,3.08848080133556,0.0834724540901502,8.93155258764608
"86",1980,5843665,26589,10.6,22.7,82.3,339.4,4185.5,1422.9,2546.4,216.1,"NC",5896178,0.321222663223532,0.326546450938218,0.205586907315213,0.146643978523036,92.4311926605505,17120.5389908257,47.7637614678899,11.0091743119266,343.807339449541,57.5688073394495,45.4828660436137,43.1192660550459,5.04587155963303,21.3302752293578,28.2110091743119,21.5596330275229,33.256880733945,6.19266055045872,6.19266055045872,6.19266055045872,0,47.0183486238532,75.2293577981651,4.58715596330275,0,72.9357798165138,26.1467889908257,0.688073394495413,0,0.229357798165138,0.917431192660551
"87",1980,652437,352,1.2,9.5,7.7,35.6,2909.7,488.3,2242.2,179.2,"ND",654501,0.333968932056636,0.319901726658936,0.179869855049878,0.166259486234551,119.047619047619,16134.1666666667,60.9523809523809,14.2857142857143,285.714285714286,64.2857142857143,45.4828660436137,40.4761904761905,2.38095238095238,33.3333333333333,26.1904761904762,4.76190476190476,57.1428571428571,7.14285714285714,7.14285714285714,7.14285714285714,0,61.9047619047619,83.3333333333333,0,0,90.4761904761905,4.76190476190476,2.38095238095238,2.38095238095238,0,2.38095238095238
"88",1980,10766808,53646,8.1,34.3,223.7,232.2,4933.1,1466.3,3040.1,426.7,"OH",10803551,0.323240386424797,0.313117603647171,0.209346352879715,0.154295657048317,90.9329829172142,22272.2339027595,45.4139290407359,20.6307490144547,344.809461235217,67.4113009198423,45.4828660436137,39.9474375821288,4.73061760840999,21.2877792378449,22.0762155059133,17.0827858081472,42.5755584756899,6.04467805519054,6.04467805519054,6.04467805519054,0,45.8607095926413,76.8725361366623,5.25624178712221,0.394218134034166,89.3561103810775,9.46123521681997,0.131406044678055,0.788436268068331,0.26281208935611,1.31406044678055
"89",1980,3001252,12589,10,36.3,104.9,268.4,4633.4,1692.7,2520.6,420.2,"OK",3040067,0.320353794834127,0.312656267115166,0.199366658695351,0.167623279355356,105.045871559633,19274.2201834862,37.6605504587156,15.1376146788991,354.587155963303,64.6788990825688,45.4828660436137,41.2844036697248,3.21100917431193,21.1009174311927,27.9816513761468,15.1376146788991,37.6146788990826,4.58715596330275,4.58715596330275,4.58715596330275,0,44.0366972477064,73.8532110091743,3.21100917431193,0.917431192660551,89.9082568807339,4.12844036697248,5.96330275229358,0,0,2.29357798165138
"90",1980,2610477,12802,5.1,41.5,152.4,291.4,6196.5,1748.4,4087.8,360.3,"OR",2642128,0.309204928754398,0.338166432511975,0.192076992484846,0.160551646248781,93.2291666666667,18441.4322916667,66.3541666666667,14.0625,310.416666666667,47.3958333333333,45.4828660436137,47.9166666666667,5.20833333333333,27.0833333333333,23.4375,16.1458333333333,41.1458333333333,6.25,6.25,6.25,0,46.875,73.4375,3.64583333333333,0,96.3541666666667,2.60416666666667,0,0.520833333333333,0.520833333333333,1.04166666666667
"91",1980,11824220,43032,6.8,23,177.9,156.1,3372.4,1038.5,1915.5,418.3,"PA",11872347,0.299273260796707,0.299388739227383,0.218145325435653,0.183192674540257,100.233918128655,21849.783625731,73.5730994152047,18.3625730994152,342.33918128655,66.4327485380117,45.4828660436137,41.9883040935673,3.15789473684211,20.7017543859649,25.1461988304094,15.3216374269006,41.7543859649123,4.09356725146199,4.09356725146199,4.09356725146199,0,46.7836257309941,77.0760233918129,7.71929824561404,0.116959064327485,90.5263157894737,9.00584795321637,0,0.233918128654971,0.233918128654971,0.701754385964912
"92",1980,945835,3864,4.4,17.1,118.6,268.3,5524.1,1716.3,2964.3,843.6,"RI",949207,0.295988124824195,0.309376142400973,0.207849288932762,0.18678644384207,110.169491525424,18151.6949152542,302.457627118644,13.5593220338983,313.559322033898,62.7118644067797,45.4828660436137,38.9830508474576,5.08474576271187,15.2542372881356,27.1186440677966,22.0338983050847,35.5932203389831,8.47457627118644,8.47457627118644,8.47457627118644,0,54.2372881355932,81.3559322033898,8.47457627118644,1.69491525423729,93.2203389830508,5.08474576271187,0,0,1.69491525423729,1.69491525423729
"93",1980,3064557,20225,11.4,37.5,118.1,493,4779.2,1670,2803.2,306,"SC",3132387,0.342650509020756,0.329096628226333,0.194261756290011,0.133991106462899,83.1578947368421,17742.3684210526,82.3421052631579,11.5789473684211,374.736842105263,72.1052631578947,45.4828660436137,45.2631578947368,2.10526315789474,17.3684210526316,33.6842105263158,17.3684210526316,30.5263157894737,4.73684210526316,4.73684210526316,4.73684210526316,0,42.6315789473684,72.1052631578947,2.63157894736842,0,67.3684210526316,31.5789473684211,1.05263157894737,0,0,1.05263157894737
"94",1980,688217,873,0.7,12.5,20.1,93.6,3116.3,692.5,2255.2,168.6,"SD",690713,0.337724930615176,0.297850192482261,0.187110999792968,0.177313877109595,104.651162790698,19355.2325581395,25,20.9302325581395,325.581395348837,53.4883720930233,45.4828660436137,44.1860465116279,2.32558139534884,23.2558139534884,23.2558139534884,13.953488372093,44.1860465116279,4.65116279069767,4.65116279069767,4.65116279069767,0,41.8604651162791,83.7209302325581,0,0,95.3488372093023,0,4.65116279069767,0,0,0
"95",1980,4545590,20824,10.8,37.4,180.6,229.4,4039.8,1501.5,2175.2,363.1,"TN",4600705,0.320273523296973,0.318216447261887,0.204808828212198,0.156701201228942,92.2118380062305,17351.9781931464,49.1277258566978,11.5264797507788,358.566978193146,61.3707165109034,45.4828660436137,42.6791277258567,6.85358255451713,16.1993769470405,36.7601246105919,16.1993769470405,32.0872274143302,3.42679127725857,3.42679127725857,3.42679127725857,0,44.2367601246106,71.0280373831776,6.23052959501558,0,81.619937694704,18.0685358255452,0.311526479750779,0,0,0.623052959501558
"96",1980,14169829,77978,16.9,47.3,208.5,277.6,5592.7,1853.2,3181.4,558.1,"TX",14337755,0.341402890480413,0.333668206772957,0.191271297354432,0.133657605392197,98.391959798995,20023.8442211055,37.9899497487437,16.78391959799,357.48743718593,61.5075376884422,45.4828660436137,43.6180904522613,5.7286432160804,21.4070351758794,31.1557788944724,15.8793969849246,32.964824120603,5.52763819095477,5.52763819095477,5.52763819095477,0,46.2311557788945,72.964824120603,4.92462311557789,0,86.6331658291457,12.6633165829146,0.201005025125628,0.50251256281407,0,22.3115577889447
"97",1980,1458729,4425,3.8,27.7,80.2,191.7,5577.3,1321.9,3931.8,323.6,"UT",1473171,0.411318848931998,0.325979129374662,0.156163812619173,0.106538209074167,79.5698924731183,23623.2795698925,0,15.0537634408602,437.634408602151,96.7741935483871,45.4828660436137,46.2365591397849,5.37634408602151,18.2795698924731,26.8817204301075,11.8279569892473,45.1612903225806,3.2258064516129,3.2258064516129,3.2258064516129,0,48.3870967741936,66.6666666666667,4.3010752688172,0,95.6989247311828,0,1.0752688172043,3.2258064516129,0,7.52688172043011
"98",1980,511299,914,2.2,29.1,38.9,108.5,4809.7,1526.7,2988.1,294.9,"VT",512824,0.326170382041402,0.330805500522596,0.188000171598833,0.155023945837168,95.2380952380952,12224.2857142857,200,0,300,61.9047619047619,45.4828660436137,47.6190476190476,4.76190476190476,38.0952380952381,28.5714285714286,9.52380952380952,47.6190476190476,0,0,0,0,52.3809523809524,76.1904761904762,0,0,100,0,0,0,0,0
"99",1980,5323412,16355,8.6,27.4,120.1,151.1,4312.8,1202.6,2882.3,227.9,"VA",5367648,0.313616131311144,0.342760553598149,0.2073029006373,0.136320414453407,73.841961852861,21690.7901907357,56.1171662125341,20.4359673024523,331.062670299728,60.2179836512262,45.4828660436137,42.2343324250681,4.08719346049046,23.7057220708447,24.7956403269755,16.3487738419619,37.0572207084469,7.90190735694823,7.90190735694823,7.90190735694823,0,45.7765667574932,79.0190735694823,5.72207084468665,0.817438692098093,81.1989100817439,17.4386920980926,0.544959128065395,0.817438692098093,0,2.45231607629428
"100",1980,4113331,19098,5.5,52.7,135.1,271,6450.7,1862.2,4192.9,395.6,"WA",4155198,0.311977190978625,0.34431451882678,0.195458796427992,0.148249493766603,NA,NA,NA,NA,NA,NA,45.4828660436137,NA,NA,NA,NA,NA,NA,NA,NA,NA,NA,NA,NA,NA,NA,NA,NA,NA,NA,NA,NA
"101",1980,1930787,3547,7.1,15.8,48.5,112.2,2367.9,738.5,1429.8,199.7,"WV",1952874,0.322168250486207,0.302476247827561,0.205294862853415,0.170060638832818,86.4077669902913,21279.1747572816,36.2783171521036,20.3883495145631,310.355987055016,53.7216828478964,45.4828660436137,42.3948220064725,9.06148867313916,23.6245954692557,21.0355987055016,18.7702265372168,44.6601941747573,4.53074433656958,4.53074433656958,4.53074433656958,0,45.3074433656958,77.3462783171521,6.14886731391586,0.323624595469256,94.1747572815534,1.61812297734628,0.970873786407767,3.23624595469256,0,3.55987055016181
"102",1980,4680917,8546,2.9,14.9,70.7,94.1,4616,1079.4,3291.4,245.2,"WI",4713991,0.328010384406759,0.314305648865261,0.193333631735826,0.164350334992154,100.751879699248,17481.9172932331,137.706766917293,12.781954887218,369.172932330827,70.6766917293233,45.4828660436137,44.3609022556391,3.7593984962406,12.781954887218,34.5864661654135,17.2932330827068,32.3308270676692,1.50375939849624,1.50375939849624,1.50375939849624,0,39.8496240601504,72.1804511278195,2.25563909774436,0,90.9774436090226,9.02255639097744,0,0,0,0
"103",1980,468954,1841,6.2,28.6,44.4,313.5,4593.8,903.7,3344.9,345.2,"WY",474381,0.348858828663037,0.35898992581912,0.179587715359595,0.112563530158248,79.7507788161994,20972.445482866,137.507788161994,16.5109034267913,352.959501557632,68.8473520249221,45.4828660436137,41.4330218068536,4.3613707165109,18.380062305296,26.791277258567,18.0685358255452,39.5638629283489,5.9190031152648,5.9190031152648,5.9190031152648,0,47.6635514018692,77.5700934579439,4.98442367601246,0.623052959501558,96.2616822429907,3.11526479750779,0.311526479750779,0.311526479750779,0,1.24610591900312
"105",1990,4040587,28630,11.6,32.6,143.7,520.7,4206.7,1103.4,2755.4,347.8,"AL",11996687,0.307219318133415,0.321338966332955,0.209186002768931,0.162255712764699,106.25,30623.5183823529,168.044117647059,15.0735294117647,334.926470588235,56.9852941176471,46.3235294117647,38.2352941176471,8.82352941176471,0,20.2205882352941,15.0735294117647,47.0588235294118,4.41176470588235,4.41176470588235,4.41176470588235,0,91.5441176470588,76.8382352941177,5.14705882352941,0,74.2647058823529,24.2647058823529,0.735294117647059,0.735294117647059,0,0.367647058823529
"106",1990,550043,2885,7.5,72.9,76.7,367.4,4628.2,894.3,3168.5,565.4,"AK",1510920,0.35157122812591,0.40289360124957,0.189509702697694,0.056025467926826,85.7142857142857,51498.2857142857,135.142857142857,35.7142857142857,375,60.7142857142857,32.1428571428571,46.4285714285714,17.8571428571429,0,17.8571428571429,21.4285714285714,42.8571428571429,10.7142857142857,10.7142857142857,10.7142857142857,0,92.8571428571429,82.1428571428571,3.57142857142857,0,64.2857142857143,10.7142857142857,21.4285714285714,3.57142857142857,0,7.14285714285714
"107",1990,3665228,23911,7.7,40.9,160.9,442.8,7236.4,1669.9,4703,863.5,"AZ",10093952,0.310368426558795,0.333671687759165,0.193399275130296,0.162560610551744,83.6909871244635,34656.30472103,112.424892703863,13.3047210300429,354.077253218884,69.9570815450644,46.7811158798283,37.3390557939914,9.87124463519313,0,17.5965665236052,9.01287553648069,55.793991416309,6.00858369098712,6.00858369098712,6.00858369098712,0,92.274678111588,78.1115879828326,3.43347639484979,0,88.412017167382,4.72103004291846,5.5793991416309,1.28755364806867,0,12.8755364806867
"108",1990,2350725,12511,10.3,43.3,113.2,365.4,4334.7,1210.9,2834.4,289.4,"AR",6997495,0.306233730785088,0.302961273998767,0.20549453768813,0.185310457528015,80.46875,25651.7734375,120.9375,7.8125,321.875,57.8125,47.65625,42.96875,3.90625,0,23.4375,13.28125,47.65625,6.25,6.25,6.25,0,93.75,73.4375,3.90625,0,86.71875,10.9375,1.5625,0.78125,0,0.78125
"109",1990,29760021,311051,11.9,42.6,377,613.6,5558.4,1345.4,3197.5,1015.5,"CA",83693062,0.299426420794593,0.365030437051043,0.198907885578377,0.136635256575987,81.3145029875068,44821.1385116784,230.918522542097,28.5171102661597,354.046713742531,60.0760456273764,41.499185225421,44.9212384573601,6.73546985334058,0,20.8582292232482,10.1575230852797,41.933731667572,10.6463878326996,10.6463878326996,10.6463878326996,0,90.4942965779468,75.6110809342749,3.74796306355242,0,80.0651819663227,6.95274307441608,0.977729494839761,11.8957088538838,0.108636610537751,24.8234655078762
"110",1990,3294394,17328,4.2,46.2,90.6,385,5527.8,1208.8,3890.6,428.4,"CO",9517269,0.30283782038734,0.366083274519192,0.204304617217397,0.12677428787607,68.9119170984456,37997.8238341969,31.3471502590674,21.7616580310881,331.088082901554,46.1139896373057,40.4145077720207,49.2227979274611,6.73575129533679,0,24.8704663212435,10.3626943005181,41.4507772020725,10.880829015544,10.880829015544,10.880829015544,0,92.2279792746114,67.8756476683938,3.62694300518135,0,91.1917098445596,4.66321243523316,1.03626943005181,2.07253886010363,1.03626943005181,10.880829015544
"111",1990,3287116,18201,5.1,27.9,234.8,286,4833,1227.7,2874.4,730.9,"CT",9692333,0.270760300951278,0.338240648562116,0.220560312981405,0.170438737505201,90.4761904761905,52258.3333333333,169.555555555556,33.8624338624339,330.687830687831,62.962962962963,41.2698412698413,44.4444444444444,4.76190476190476,0,13.7566137566138,11.1111111111111,49.2063492063492,11.1111111111111,11.1111111111111,11.1111111111111,0,90.4761904761905,79.3650793650794,4.76190476190476,0,91.005291005291,8.46560846560847,0,0.529100529100529,0,6.87830687830688
"112",1990,666168,4365,5,88.1,164.8,397.3,4705.1,970.5,3290.8,443.9,"DE",1933062,0.291993221117584,0.343720998084904,0.211096177980841,0.153189602816671,113.513513513514,38731.4864864865,67.5675675675676,29.7297297297297,256.756756756757,29.7297297297297,29.7297297297297,45.945945945946,10.8108108108108,0,8.10810810810811,13.5135135135135,59.4594594594595,10.8108108108108,10.8108108108108,10.8108108108108,0,91.8918918918919,86.4864864864865,5.40540540540541,0,91.8918918918919,8.10810810810811,0,0,0,2.7027027027027
"113",1990,606900,14919,77.8,49.9,1213.5,1117,8316,1983,4996.9,1336.1,"DC",1844789,0.23733066491615,0.392567388465564,0.208244411691527,0.161857534926759,71.875,37675.9375,260.25,34.375,293.75,75,31.25,56.25,6.25,0,21.875,15.625,43.75,9.375,9.375,9.375,0,100,90.625,0,0,28.125,65.625,0,6.25,0,6.25
"114",1990,12937926,160990,10.7,52.4,416.8,764.4,7566.5,2170.6,4569.6,826.3,"FL",35877889,0.260986899201344,0.307550257485885,0.205332732926399,0.226130110386372,100.780234070221,38106.3576072822,78.556566970091,22.7568270481144,310.01300390117,51.1053315994798,47.7243172951886,36.1508452535761,7.67230169050715,0,18.3355006501951,11.963589076723,47.2041612483745,8.1924577373212,8.1924577373212,8.1924577373212,0,91.0273081924577,78.4135240572172,6.50195058517555,0,85.3055916775033,13.0039011703511,0.520156046814044,1.1703511053316,0,11.183355006502
"115",1990,6478216,48996,11.8,53.6,263.5,427.4,6007.3,1619.4,3714.3,673.6,"GA",18497489,0.312716012427416,0.351055540565533,0.205085836245125,0.131142610761926,79.6296296296296,34870.6746031746,168.521164021164,19.5767195767196,339.94708994709,52.9100529100529,40.7407407407407,46.031746031746,5.02645502645503,0,25.9259259259259,14.2857142857143,36.2433862433862,8.2010582010582,8.2010582010582,8.2010582010582,0,89.6825396825397,71.6931216931217,3.17460317460317,0,66.9312169312169,30.952380952381,0.529100529100529,1.32275132275132,0.264550264550265,1.32275132275132
"116",1990,1108229,3113,4,32.5,91.4,153,5825.8,1228.2,4217.1,380.5,"HI",3186931,0.292161330132344,0.365230059891476,0.203343906724055,0.139264703252126,77.1929824561403,56439.9824561404,218.719298245614,33.3333333333333,396.491228070175,36.8421052631579,43.859649122807,47.3684210526316,5.26315789473684,0,24.5614035087719,15.7894736842105,36.8421052631579,7.01754385964912,7.01754385964912,7.01754385964912,0,89.4736842105263,70.1754385964912,5.26315789473684,0,21.0526315789474,1.75438596491228,0,77.1929824561403,0,0
"117",1990,1006749,2776,2.7,27.3,15,230.7,3781.4,813.2,2802.7,165.5,"ID",2972346,0.348484328540486,0.311907833071924,0.192291543447499,0.147316294940091,84.5070422535211,32997.7746478873,0,11.2676056338028,336.619718309859,59.1549295774648,50.7042253521127,39.4366197183099,5.63380281690141,0,25.3521126760563,14.0845070422535,52.112676056338,4.22535211267606,4.22535211267606,4.22535211267606,0,97.1830985915493,78.8732394366197,2.8169014084507,0,94.3661971830986,1.40845070422535,4.22535211267606,0,0,5.63380281690141
"118",1990,11430602,110575,10.3,39.4,394,523.6,4967.7,1063,3262,642.8,"IL",34329412,0.298723293017661,0.336108087141137,0.207052279252555,0.158116340588647,87.6258992805755,38474.6892086331,194.136690647482,21.5827338129496,333.525179856115,61.8705035971223,45.3237410071942,41.4388489208633,5.75539568345324,0,20.431654676259,13.0935251798561,44.8920863309352,9.64028776978417,9.64028776978417,9.64028776978417,0,91.6546762589928,77.4100719424461,4.89208633093525,0,86.4748201438849,10.7913669064748,0.143884892086331,2.44604316546763,0.143884892086331,6.90647482014388
"119",1990,5544159,26275,6.2,37.9,101.3,328.4,4209.4,943.3,2827.1,439,"IN",16602934,0.305687235762065,0.329072560307714,0.208215246775058,0.157024957155163,75.7575757575758,37460.8848484848,31.130303030303,19.3939393939394,338.484848484848,62.4242424242424,46.6666666666667,41.5151515151515,6.06060606060606,0,20.6060606060606,14.8484848484848,49.6969696969697,5.75757575757576,5.75757575757576,5.75757575757576,0,94.2424242424242,76.3636363636364,3.03030303030303,0,93.030303030303,6.96969696969697,0,0,0,0.909090909090909
"120",1990,2776755,8321,1.9,18.4,39.2,240.1,3801.2,808.4,2822.9,169.9,"IA",8475100,0.300991610718458,0.311620865830492,0.200911965640523,0.186475557810527,84.0236686390533,32270.3964497041,3.69230769230769,17.7514792899408,313.01775147929,46.1538461538462,45.5621301775148,44.3786982248521,2.9585798816568,0,22.4852071005917,7.10059171597633,51.4792899408284,5.91715976331361,5.91715976331361,5.91715976331361,0,89.3491124260355,73.3727810650888,4.73372781065089,0,98.2248520710059,0.591715976331361,0.591715976331361,0.591715976331361,0,2.36686390532544
"121",1990,2477574,11093,4,40.4,117.6,285.7,4745.4,1166.5,3243.5,335.4,"KS",7331454,0.302087416766169,0.327341752400001,0.197622463429492,0.172948367404338,87.6543209876543,36912.7160493827,8.37037037037037,20.9876543209877,309.259259259259,53.7037037037037,53.7037037037037,35.1851851851852,4.93827160493827,0,19.7530864197531,5.55555555555556,53.7037037037037,8.02469135802469,8.02469135802469,8.02469135802469,0,91.9753086419753,77.7777777777778,5.55555555555556,0,94.4444444444444,3.7037037037037,0.617283950617284,0.617283950617284,0.617283950617284,1.85185185185185
"122",1990,3685296,14386,7.2,29,69.1,285.2,2909.1,766.9,1942.7,199.4,"KY",11050532,0.304286798137863,0.328820368105355,0.207982565907234,0.158910267849548,99.5192307692308,36731.5192307692,146.269230769231,19.2307692307692,325.961538461538,53.3653846153846,47.1153846153846,41.3461538461538,6.25,0,25.4807692307692,16.8269230769231,39.9038461538462,6.25,6.25,6.25,0,90.3846153846154,73.5576923076923,3.84615384615385,0,97.1153846153846,2.40384615384615,0,0.480769230769231,0,0.480769230769231
"123",1990,4219973,37914,17.2,42.2,269.8,569.2,5588.2,1437.9,3548.6,601.7,"LA",12659941,0.331548227594426,0.332499258882802,0.195220578042188,0.140731935480584,98.8235294117647,29803.0392156863,101.960784313725,16.4705882352941,330.588235294118,51.7647058823529,39.2156862745098,44.3137254901961,6.27450980392157,0,20,15.6862745098039,45.8823529411765,7.84313725490196,7.84313725490196,7.84313725490196,0,94.1176470588235,79.2156862745098,3.13725490196078,0,69.0196078431373,28.2352941176471,1.17647058823529,1.56862745098039,0,0
"124",1990,1227928,1759,2.4,19.7,25.1,96,3554.5,823,2554.9,176.6,"ME",3590417,0.293869764988301,0.327631302993496,0.209495443008431,0.169003489009772,97.5,32693.0125,16.5,20,306.25,45,41.25,42.5,11.25,0,21.25,17.5,38.75,7.5,7.5,7.5,0,93.75,76.25,2.5,0,98.75,0,1.25,0,0,0
"125",1990,4781468,43940,11.5,45.7,363.8,497.9,4911.5,1119.9,3082.9,708.7,"MD",13821053,0.28600223152317,0.356377694232125,0.218285176968788,0.139334897275917,74,48611.5966666667,102.92,34.6666666666667,333,57.3333333333333,49.6666666666667,39.3333333333333,5,0,17.6666666666667,11,44,11.6666666666667,11.6666666666667,11.6666666666667,0,92.3333333333333,79.3333333333333,4,0,74,23.3333333333333,0.333333333333333,2.33333333333333,0,3
"126",1990,6016425,44300,4,33.7,217.1,481.4,4561.5,1112.7,2525.3,923.6,"MA",17785769,0.270267032029934,0.351114815445989,0.20650414384669,0.172114008677387,85.195530726257,49255.7206703911,168.958100558659,34.3575418994413,317.597765363128,57.8212290502793,38.5474860335196,44.9720670391061,6.70391061452514,0,14.804469273743,9.21787709497207,47.7653631284916,13.4078212290503,13.4078212290503,13.4078212290503,0,92.4581005586592,80.7262569832402,3.91061452513966,0,92.4581005586592,3.07262569832402,0,3.63128491620112,0.837988826815642,4.18994413407821
"127",1990,9295297,73468,10.4,77.6,234,468.4,5204.4,1143.3,3347.4,713.7,"MI",27877600,0.309167539529945,0.334747897953913,0.206333292679427,0.149751269836715,85.0553505535055,37959.8985239852,313.409594095941,20.6642066420664,339.29889298893,59.5940959409594,43.9114391143911,42.2509225092251,6.82656826568266,0,23.4317343173432,11.2546125461255,45.7564575645756,7.19557195571956,7.19557195571956,7.19557195571956,0,92.0664206642066,72.5092250922509,2.39852398523985,0,86.3468634686347,10.8856088560886,1.1070110701107,1.29151291512915,0.3690036900369,2.76752767527675
"128",1990,4375099,13392,2.7,34,92.7,176.7,4232.7,907.2,2959.9,365.6,"MN",12861312,0.306341530319768,0.339849231555848,0.196564705062749,0.157244533061635,65.2173913043478,36999.7862318841,62.5072463768116,16.304347826087,340.217391304348,63.4057971014493,45.2898550724638,40.9420289855072,6.15942028985507,0,25.7246376811594,7.60869565217391,46.7391304347826,8.69565217391304,8.69565217391304,8.69565217391304,0,90.2173913043478,70.2898550724638,3.26086956521739,0,97.1014492753623,0.36231884057971,1.81159420289855,0.72463768115942,0,0.36231884057971
"129",1990,2573216,8758,12.2,44.1,86.2,198,3528.8,1251.2,2070,207.6,"MS",7678863,0.335579499204505,0.312983706051273,0.194131474933203,0.157305319811019,93.0555555555556,26633.1736111111,127.388888888889,12.5,355.555555555556,56.25,46.5277777777778,41.6666666666667,4.86111111111111,0,30.5555555555556,15.2777777777778,39.5833333333333,4.86111111111111,4.86111111111111,4.86111111111111,0,95.1388888888889,75.6944444444444,3.47222222222222,0,63.1944444444444,35.4166666666667,0.694444444444444,0.694444444444444,0,0.694444444444444
"130",1990,5117073,36602,8.8,32.5,216.4,457.6,4405.3,1065.8,2800.2,539.4,"MO",15175765,0.296083261700481,0.320194006694226,0.207259996448284,0.176462735157009,90.3345724907063,37129.5464684015,65.4052044609665,19.3308550185874,329.368029739777,66.542750929368,52.4163568773234,33.457249070632,6.69144981412639,0,21.5613382899628,8.55018587360595,52.4163568773234,8.17843866171004,8.17843866171004,8.17843866171004,0,95.5390334572491,81.7843866171004,4.46096654275093,0,94.0520446096654,5.20446096654275,0.371747211895911,0.371747211895911,0,1.11524163568773
"131",1990,799065,1273,4.9,24.4,21.7,108.4,4342.8,709.1,3391.2,242.5,"MT",2388402,0.315638238453996,0.316800103165213,0.205120411053081,0.162441247327711,94.7368421052632,34701.2894736842,90.3157894736842,13.1578947368421,355.263157894737,71.0526315789474,55.2631578947368,39.4736842105263,2.63157894736842,0,23.6842105263158,13.1578947368421,47.3684210526316,10.5263157894737,10.5263157894737,10.5263157894737,0,97.3684210526316,73.6842105263158,5.26315789473684,0,97.3684210526316,0,2.63157894736842,0,0,0
"132",1990,1578385,5209,2.7,30,51.1,246.2,3883.1,723.8,2981.1,178.2,"NE",4734182,0.30889602469867,0.320005652507656,0.196013799216,0.175084523577674,68.1318681318681,31903.4835164835,66.8681318681319,12.0879120879121,346.153846153846,61.5384615384615,48.3516483516484,41.7582417582418,6.59340659340659,0,21.978021978022,5.49450549450549,48.3516483516484,5.49450549450549,5.49450549450549,5.49450549450549,0,90.1098901098901,68.1318681318681,3.2967032967033,0,100,0,0,0,0,3.2967032967033
"133",1990,1201833,7222,9.7,62.2,238.3,290.7,5462.7,1367.4,3502.7,592.5,"NV",3247490,0.289817674573286,0.351461898266045,0.221698296222621,0.137022130938048,60,43342.6153846154,79.8,23.0769230769231,315.384615384615,40,41.5384615384615,47.6923076923077,6.15384615384615,0,18.4615384615385,16.9230769230769,43.0769230769231,10.7692307692308,10.7692307692308,10.7692307692308,0,89.2307692307692,69.2307692307692,9.23076923076923,0,86.1538461538462,6.15384615384615,4.61538461538462,3.07692307692308,0,6.15384615384615
"134",1990,1109252,1459,1.9,34.8,27.2,67.6,3513.7,735.5,2534.2,244,"NH",3148464,0.291413844973295,0.354045655278256,0.207340468241022,0.147200031507427,59.6153846153846,45939.7115384615,102,25,336.538461538462,69.2307692307692,36.5384615384615,46.1538461538462,11.5384615384615,0,21.1538461538462,17.3076923076923,42.3076923076923,9.61538461538462,9.61538461538462,9.61538461538462,0,92.3076923076923,75,1.92307692307692,0,98.0769230769231,0,0,1.92307692307692,0,0
"135",1990,7730188,50057,5.6,29.8,301,311.1,4799.7,1017.2,2843,939.5,"NJ",22891288,0.275474276502047,0.33210914125933,0.223214569665106,0.169202012573517,79.0224032586558,54644.5376782077,46.4134419551935,38.2892057026477,332.586558044807,52.3421588594705,40.9368635437882,45.213849287169,5.70264765784114,0,23.4215885947047,10.9979633401222,40.122199592668,12.2199592668024,12.2199592668024,12.2199592668024,0,92.0570264765784,75.152749490835,3.25865580448065,0,83.7067209775967,11.8126272912424,0.203665987780041,3.86965376782077,0.407331975560081,9.16496945010183
"136",1990,1515069,11821,9.2,49.7,115.1,606.2,5903.9,1738.7,3828.5,336.7,"NM",4348974,0.337881992396368,0.330087050416949,0.197045785971588,0.134985171215096,106.603773584906,27252.8490566038,148.952830188679,11.3207547169811,379.245283018868,61.3207547169811,39.622641509434,47.1698113207547,4.71698113207547,0,30.188679245283,8.49056603773585,38.6792452830189,9.43396226415094,9.43396226415094,9.43396226415094,0,92.4528301886792,66.0377358490566,8.49056603773585,0,88.6792452830189,1.88679245283019,9.43396226415094,0,0,45.2830188679245
"137",1990,17990455,212458,14.5,29.8,624.7,512,5182.8,1160.7,2979.4,1042.7,"NY",53572086,0.279023333158989,0.335677632564093,0.217060896228681,0.168238138048237,88.6722376973073,45735.2664809656,129.513463324048,29.5264623955432,339.461467038069,62.7669452181987,43.7325905292479,42.4326833797586,5.10677808727948,0,19.1272051996286,12.4419684308264,42.8969359331476,10.213556174559,10.213556174559,10.213556174559,0,92.5719591457753,78.7372330547818,3.99257195914578,0,85.1439182915506,11.6991643454039,0.0928505106778087,2.87836583101207,0.185701021355617,8.63509749303621
"138",1990,6628637,41332,10.7,34.3,152.1,426.4,4862.3,1530.4,3048.3,283.7,"NC",19210152,0.291474632787913,0.343031122294087,0.212306857332519,0.153187387585481,90.3846153846154,34108.3653846154,33.4285714285714,16.2087912087912,316.483516483516,57.967032967033,50.5494505494505,36.8131868131868,5.21978021978022,0,22.5274725274725,14.8351648351648,44.7802197802198,9.61538461538462,9.61538461538462,9.61538461538462,0,94.7802197802198,80.4945054945055,3.02197802197802,0,77.4725274725275,21.978021978022,0.274725274725275,0.274725274725275,0,1.64835164835165
"139",1990,638800,472,0.8,17.8,7.8,47.4,2848.5,426.6,2288.8,133.1,"ND",1929229,0.311322813414063,0.328350859332925,0.186899015098778,0.173427312154234,102.380952380952,26007,15.4761904761905,2.38095238095238,311.904761904762,52.3809523809524,42.8571428571429,47.6190476190476,0,0,28.5714285714286,11.9047619047619,42.8571428571429,11.9047619047619,11.9047619047619,11.9047619047619,0,95.2380952380952,78.5714285714286,2.38095238095238,0,95.2380952380952,0,4.76190476190476,0,0,0
"140",1990,10847115,54904,6.1,46.8,188.5,264.7,4337.3,982.5,2864.1,490.6,"OH",32527225,0.299056436569674,0.326887461195967,0.211629980731526,0.162426121502833,99.4143484626647,37820.3572474378,151.090775988287,20.3513909224012,325.329428989751,61.9326500732064,44.2166910688141,40.2635431918009,7.02781844802343,0,16.8374816983895,15.6661786237189,47.8770131771596,9.51683748169839,9.51683748169839,9.51683748169839,0,93.5578330893119,79.0629575402635,5.85651537335286,0,90.7759882869693,8.34553440702782,0.146412884333821,0.585651537335286,0.146412884333821,1.17130307467057
"141",1990,3145585,17222,8,47,121.9,370.5,5051.2,1447.5,3002,601.7,"OK",9334277,0.305731338377895,0.319020958988039,0.206323639206336,0.16892406342773,96.0674157303371,33174.2415730337,188.483146067416,16.2921348314607,330.337078651685,65.7303370786517,48.314606741573,39.8876404494382,5.61797752808989,0,24.1573033707865,14.0449438202247,46.6292134831461,7.30337078651685,7.30337078651685,7.30337078651685,0,96.0674157303371,77.5280898876404,4.49438202247191,0,84.8314606741573,3.37078651685393,10.6741573033708,1.12359550561798,0,2.24719101123596
"142",1990,2842321,14405,3.8,46.9,144.3,311.8,5139.2,1135.4,3545.2,458.6,"OR",8359222,0.294033224623057,0.331162038763895,0.207132194838228,0.167672541774821,100.581395348837,32760.0581395349,57.8255813953488,14.5348837209302,306.395348837209,52.3255813953488,49.4186046511628,34.8837209302326,6.3953488372093,0,15.6976744186047,16.2790697674419,51.7441860465116,5.81395348837209,5.81395348837209,5.81395348837209,0,93.6046511627907,81.3953488372093,5.23255813953488,0,95.3488372093023,1.16279069767442,1.74418604651163,1.74418604651163,0,2.90697674418605
"143",1990,11881643,51213,6.7,25.8,176.2,222.3,3045.1,729.1,1810.5,505.5,"PA",35663555,0.276765958974084,0.317235872867974,0.215024806136124,0.190973362021817,98.2832618025751,37280.3676680973,133.244635193133,20.8869814020029,327.753934191702,59.9427753934192,46.4949928469242,39.3419170243205,6.1516452074392,0,17.310443490701,14.0200286123033,46.3519313304721,9.87124463519313,9.87124463519313,9.87124463519313,0,92.4177396280401,79.1130185979971,4.00572246065808,0,93.1330472103004,6.1516452074392,0,0.715307582260372,0,1.85979971387697
"144",1990,1003464,4334,4.8,24.7,122,280.4,4920.8,1271.1,2695.3,954.4,"RI",2958505,0.271176827485504,0.338018695253177,0.203577820554638,0.187226656706681,62.7118644067797,45786.0508474576,139.864406779661,25.4237288135593,359.322033898305,40.6779661016949,37.2881355932203,50.8474576271186,5.08474576271187,0,27.1186440677966,5.08474576271187,42.3728813559322,8.47457627118644,8.47457627118644,8.47457627118644,0,88.135593220339,64.4067796610169,3.38983050847458,0,89.8305084745763,3.38983050847458,0,3.38983050847458,3.38983050847458,0
"145",1990,3486703,34050,11.2,53.7,152.4,759.3,5068.7,1380.4,3302.4,385.8,"SC",10130515,0.311713471625085,0.340871120569882,0.204671825667303,0.142743582137729,88.3720930232558,30085.7348837209,197.204651162791,12.5581395348837,319.06976744186,57.6744186046512,48.3720930232558,40,3.25581395348837,0,26.046511627907,19.5348837209302,40.4651162790698,6.04651162790698,6.04651162790698,6.04651162790698,0,94.4186046511628,77.6744186046512,1.86046511627907,0,66.046511627907,33.953488372093,0,0,0,0.465116279069767
"146",1990,696004,1133,2,34.3,12.4,114.1,2746.5,527.4,2108.9,110.2,"SD",2084047,0.323012388876067,0.308319821961789,0.188141630203158,0.180526158958987,61.9047619047619,26343.6428571429,0,7.14285714285714,352.380952380952,64.2857142857143,52.3809523809524,40.4761904761905,2.38095238095238,0,23.8095238095238,4.76190476190476,40.4761904761905,9.52380952380952,9.52380952380952,9.52380952380952,0,83.3333333333333,69.0476190476191,2.38095238095238,0,90.4761904761905,0,9.52380952380952,0,0,0
"147",1990,4877185,32698,10.5,49.5,191.2,419.2,4380.6,1264,2545.1,571.5,"TN",14381957,0.294079171561979,0.330986527076948,0.215063429823911,0.159870871537163,76.2820512820513,32905.125,80.2692307692308,15.0641025641026,324.358974358974,68.9102564102564,52.8846153846154,36.5384615384615,4.80769230769231,0,22.4358974358974,16.9871794871795,41.3461538461538,7.37179487179487,7.37179487179487,7.37179487179487,0,91.9871794871795,75.3205128205128,4.48717948717949,0,82.6923076923077,16.025641025641,0.641025641025641,0.641025641025641,0,0.641025641025641
"148",1990,16986510,129343,14.1,51.5,260.8,435.1,7065.3,1851.5,4304.7,909,"TX",48427183,0.3264254499379,0.348093321884942,0.19439691546791,0.131084312709248,85.1145038167939,34479.9866412214,107.440839694656,18.7022900763359,354.103053435115,63.9312977099237,43.7977099236641,42.175572519084,7.06106870229008,0,23.6641221374046,11.736641221374,41.8893129770992,8.01526717557252,8.01526717557252,8.01526717557252,0,91.8893129770992,75.381679389313,3.72137404580153,0,85.9732824427481,11.3549618320611,0.763358778625954,1.62213740458015,0.286259541984733,24.4274809160305
"149",1990,1722850,4892,3,37.8,56.9,186.3,5376,880.6,4257.6,237.7,"UT",4932615,0.402398119455907,0.325534224746914,0.16210792855311,0.109959727244068,54.8672566371681,31454.9734513274,80.3716814159292,5.30973451327434,465.486725663717,93.8053097345133,38.0530973451327,53.9823008849557,4.42477876106195,0,23.8938053097345,12.3893805309735,38.9380530973451,5.30973451327434,5.30973451327434,5.30973451327434,0,82.3008849557522,61.9469026548673,0,0,94.6902654867257,0,3.53982300884956,1.76991150442478,0,7.9646017699115
"150",1990,562758,716,2.3,25.9,11.7,87.2,4213.7,1087.3,2918.5,207.9,"VT",1641876,0.299910590081102,0.344528454036724,0.204687199276925,0.150873756605249,68,38132.6,24,20,300,88,72,20,4,0,12,0,68,8,8,8,0,100,92,4,0,100,0,0,0,0,0
"151",1990,6187358,21694,8.8,31,123.3,187.6,4090,731.1,3031.4,327.5,"VA",17794700,0.287671441496625,0.360195563847662,0.214218671851731,0.137914322803981,83.7988826815643,39910.8882681564,99.6899441340782,25.4189944134078,316.480446927374,56.145251396648,42.7374301675978,43.5754189944134,5.3072625698324,0,23.463687150838,11.731843575419,41.340782122905,10.0558659217877,10.0558659217877,10.0558659217877,0,91.8994413407821,77.3743016759776,3.35195530726257,0,76.2569832402235,21.2290502793296,0.279329608938547,2.23463687150838,0,2.79329608938547
"152",1990,4866692,24410,4.9,64,130,302.7,5721.3,1262.9,4011.4,447.1,"WA",13956758,0.298879653856576,0.347573770355551,0.205272886439673,0.1482736893482,NA,NA,NA,NA,NA,NA,45.4828660436137,NA,NA,NA,NA,NA,NA,NA,NA,NA,NA,NA,NA,NA,NA,NA,NA,NA,NA,NA,NA
"153",1990,1793477,3036,5.7,23.6,37.9,102.1,2333.7,657.1,1522.7,153.9,"WV",5537836,0.293008315883677,0.30650203436866,0.216736826442675,0.183752823304988,84.3137254901961,38086.1078431373,67.8235294117647,21.5686274509804,321.56862745098,60.1307189542484,45.0980392156863,41.8300653594771,8.82352941176471,0,17.3202614379085,8.16993464052288,48.6928104575163,11.7647058823529,11.7647058823529,11.7647058823529,0,90.1960784313726,75.8169934640523,5.22875816993464,0,90.1960784313726,4.2483660130719,1.96078431372549,3.59477124183007,0,5.55555555555556
"154",1990,4891769,12948,4.6,20.7,112.7,126.7,4130.4,751.4,2962.6,416.5,"WI",14518521,0.30624620786098,0.328509219361945,0.199093213420293,0.166151359356783,118.918918918919,27070.1621621622,0,6.75675675675676,312.162162162162,56.7567567567568,41.8918918918919,37.8378378378378,10.8108108108108,0,25.6756756756757,17.5675675675676,39.1891891891892,5.40540540540541,5.40540540540541,5.40540540540541,0,91.8918918918919,75.6756756756757,5.40540540540541,0,100,0,0,0,0,0
"155",1990,453588,1367,4.9,29.5,15.9,251.1,3909.3,631,3129.3,149,"WY",1381183,0.336628817470241,0.339443795644748,0.196529352012007,0.127398034873004,76.3754045307443,35498.2588996764,91.2653721682848,13.5922330097087,345.954692556634,62.1359223300971,45.6310679611651,43.042071197411,3.88349514563107,0,21.3592233009709,10.6796116504854,51.1326860841424,4.20711974110032,4.20711974110032,4.20711974110032,0,90.2912621359223,72.8155339805825,1.61812297734628,0,98.0582524271845,1.61812297734628,0,0.323624595469256,0,1.29449838187702
