"","Yr","Pop","violent","murder","rape1","robbery","aggassault","propcrime","burg","larceny","mvtheft","ST","PopTotal_1970","Pop_Un18_1970","Pop_20to40_1970","Pop_40to60_1970","Pop_60Ov_1970","PopTotal_1975","Pop_Un18_1975","Pop_20to40_1975","Pop_40to60_1975","Pop_60Ov_1975","PopTotal_1980","Pop_Un18_1980","Pop_20to40_1980","Pop_40to60_1980","Pop_60Ov_1980","PopTotal_1985","Pop_Un18_1985","Pop_20to40_1985","Pop_40to60_1985","Pop_60Ov_1985","PopTotal_1990","Pop_Un18_1990","Pop_20to40_1990","Pop_40to60_1990","Pop_60Ov_1990","PopTotal_1995","Pop_Un18_1995","Pop_20to40_1995","Pop_40to60_1995","Pop_60Ov_1995"
"261",1970,3444165,10185,11.7,18.5,50.3,215.2,2183.8,776.4,1184,223.5,"AL",3454557,39.5117232108198,25.3070943683951,21.4122968589026,13.7688855618825,NA,NA,NA,NA,NA,NA,NA,NA,NA,NA,NA,NA,NA,NA,NA,NA,NA,NA,NA,NA,NA,NA,NA,NA,NA
"262",1970,302173,840,12.2,26.1,71.8,167.8,3523.8,789.9,2182.5,551.3,"AK",305328,42.9433265209873,35.5679793533511,17.4887334276581,3.99996069800346,NA,NA,NA,NA,NA,NA,NA,NA,NA,NA,NA,NA,NA,NA,NA,NA,NA,NA,NA,NA,NA,NA,NA,NA,NA
"263",1970,1772482,6564,9.5,27,120.2,213.7,5543.9,1493,3549.7,501.2,"AZ",1799531,39.9405178349248,26.1224174521028,20.7405151675631,13.1965495454093,NA,NA,NA,NA,NA,NA,NA,NA,NA,NA,NA,NA,NA,NA,NA,NA,NA,NA,NA,NA,NA,NA,NA,NA,NA
"264",1970,1923295,4276,10.1,17.1,45.6,149.5,2198.8,759.4,1320,119.4,"AR",1932816,37.5869198102665,23.6985827931888,21.3349330717461,17.3795643247986,NA,NA,NA,NA,NA,NA,NA,NA,NA,NA,NA,NA,NA,NA,NA,NA,NA,NA,NA,NA,NA,NA,NA,NA,NA
"265",1970,19953134,94741,6.9,35.1,206.9,225.9,5864.3,1753,3422.1,689.2,"CA",20045806,36.7352053591659,28.0248496867624,22.3862487744319,12.8536961796398,NA,NA,NA,NA,NA,NA,NA,NA,NA,NA,NA,NA,NA,NA,NA,NA,NA,NA,NA,NA,NA,NA,NA,NA,NA
"266",1970,2207259,7874,6.2,36,129.1,185.4,4961.4,1380.9,2992.1,588.4,"CO",2228340,38.9338700557366,28.4183742157839,20.6064155380238,12.0413401904557,NA,NA,NA,NA,NA,NA,NA,NA,NA,NA,NA,NA,NA,NA,NA,NA,NA,NA,NA,NA,NA,NA,NA,NA,NA
"267",1970,3032217,5167,3.5,9.1,70.4,87.4,3319,1084.2,1750.7,484.2,"CT",3038035,36.8276863169779,25.5315030932823,23.9734894430117,13.6673211467281,NA,NA,NA,NA,NA,NA,NA,NA,NA,NA,NA,NA,NA,NA,NA,NA,NA,NA,NA,NA,NA,NA,NA,NA,NA
"268",1970,548104,1795,7.7,18.6,105.5,195.8,3935.6,1056.2,2320.4,559,"DE",551509,39.4845777675432,26.785238318867,22.1102466142892,11.6199372993006,NA,NA,NA,NA,NA,NA,NA,NA,NA,NA,NA,NA,NA,NA,NA,NA,NA,NA,NA,NA,NA,NA,NA,NA,NA
"269",1970,756510,16846,29.2,95.2,1561.9,540.5,8656.6,2873.7,4314.3,1468.6,"DC",755466,33.5011767571274,31.0786984457275,21.7328112714536,13.6873135256914,NA,NA,NA,NA,NA,NA,NA,NA,NA,NA,NA,NA,NA,NA,NA,NA,NA,NA,NA,NA,NA,NA,NA,NA,NA
"270",1970,6789443,33824,12.7,22.2,186.1,277.2,4819,1561.8,2860.6,396.6,"FL",6865460,34.1792392643756,23.8709715008171,22.0792925747146,19.8704966600927,NA,NA,NA,NA,NA,NA,NA,NA,NA,NA,NA,NA,NA,NA,NA,NA,NA,NA,NA,NA,NA,NA,NA,NA,NA
"271",1970,4589575,13976,15.3,16.1,95.8,177.3,2577.1,899.9,1368.6,308.6,"GA",4611479,39.5498710934171,27.9210856213375,20.7283389992668,11.8007042859785,NA,NA,NA,NA,NA,NA,NA,NA,NA,NA,NA,NA,NA,NA,NA,NA,NA,NA,NA,NA,NA,NA,NA,NA,NA
"272",1970,769913,938,3.6,11.8,63.3,43.1,5143.3,1456.1,3106.1,581.1,"HI",776177,39.2307424724,30.6865573187559,21.2677005373774,8.81499967146669,NA,NA,NA,NA,NA,NA,NA,NA,NA,NA,NA,NA,NA,NA,NA,NA,NA,NA,NA,NA,NA,NA,NA,NA,NA
"273",1970,713008,879,4.6,12.3,20.5,85.8,3031.5,673.6,2213.7,144.2,"ID",718147,40.7369243344329,24.4632366353964,21.119909990573,13.6799290395977,NA,NA,NA,NA,NA,NA,NA,NA,NA,NA,NA,NA,NA,NA,NA,NA,NA,NA,NA,NA,NA,NA,NA,NA,NA
"274",1970,11113976,52006,9.6,20.4,251.1,186.8,3311.6,765.4,2028.4,517.8,"IL",11129316,37.5959223370062,25.5951219284276,22.6939732864086,14.1149824481576,NA,NA,NA,NA,NA,NA,NA,NA,NA,NA,NA,NA,NA,NA,NA,NA,NA,NA,NA,NA,NA,NA,NA,NA,NA
"275",1970,5193669,12184,4.9,19.9,110.3,99.6,3250.3,925.8,1874.2,450.3,"IN",5206262,39.1193528101352,25.7484736649827,21.6578612447856,13.4743122800965,NA,NA,NA,NA,NA,NA,NA,NA,NA,NA,NA,NA,NA,NA,NA,NA,NA,NA,NA,NA,NA,NA,NA,NA,NA
"276",1970,2825041,2241,1.9,6.2,28.5,42.8,2425.8,507.3,1743.4,175,"IA",2830777,38.2058353589845,23.4961991001057,21.4408270238171,16.8571385170927,NA,NA,NA,NA,NA,NA,NA,NA,NA,NA,NA,NA,NA,NA,NA,NA,NA,NA,NA,NA,NA,NA,NA,NA,NA
"277",1970,2249071,4561,4.8,14.5,75.1,108.5,3440.8,881.7,2302.5,256.6,"KS",2248359,36.9995627922409,25.1845012295634,21.4931868086902,16.3227491695054,NA,NA,NA,NA,NA,NA,NA,NA,NA,NA,NA,NA,NA,NA,NA,NA,NA,NA,NA,NA,NA,NA,NA,NA,NA
"278",1970,3219311,7157,11.1,13.7,72.8,124.7,2261.8,703.9,1211.5,346.3,"KY",3236121,38.5311612266661,25.4510260895683,21.2608861040734,14.7569265796922,NA,NA,NA,NA,NA,NA,NA,NA,NA,NA,NA,NA,NA,NA,NA,NA,NA,NA,NA,NA,NA,NA,NA,NA,NA
"279",1970,3643180,15063,11.7,23.1,140.8,237.8,2902.5,890,1627.7,384.7,"LA",3657391,42.0157702580883,25.465666645978,20.2365019217251,12.2820611742086,NA,NA,NA,NA,NA,NA,NA,NA,NA,NA,NA,NA,NA,NA,NA,NA,NA,NA,NA,NA,NA,NA,NA,NA,NA
"280",1970,993663,887,1.5,7,12.6,68.1,1970.7,638.5,1179.6,152.6,"ME",998135,38.1752969287722,24.1211860119122,21.6356504881604,16.0678665711552,NA,NA,NA,NA,NA,NA,NA,NA,NA,NA,NA,NA,NA,NA,NA,NA,NA,NA,NA,NA,NA,NA,NA,NA,NA
"281",1970,3922399,24512,9.2,23.9,338.6,253.3,4016.1,1051.2,2417.3,547.6,"MD",3943493,38.5610422029404,27.5711659688505,22.5925594390557,11.2752323891535,NA,NA,NA,NA,NA,NA,NA,NA,NA,NA,NA,NA,NA,NA,NA,NA,NA,NA,NA,NA,NA,NA,NA,NA,NA
"282",1970,5689170,11542,3.5,12,99.5,87.9,3543.4,1134.1,1531.2,878.1,"MA",5699034,36.5617576592805,25.2048505062437,22.6394859198945,15.5939059145813,NA,NA,NA,NA,NA,NA,NA,NA,NA,NA,NA,NA,NA,NA,NA,NA,NA,NA,NA,NA,NA,NA,NA,NA,NA
"283",1970,8875083,51090,9.4,27.1,346.6,192.7,4931.8,1570.7,2897.1,464,"MI",8899844,40.2971332980668,25.5404926198706,21.9135751143503,12.2487989677122,NA,NA,NA,NA,NA,NA,NA,NA,NA,NA,NA,NA,NA,NA,NA,NA,NA,NA,NA,NA,NA,NA,NA,NA,NA
"284",1970,3805069,5782,2,9.7,89.1,51.2,3048.9,801.7,1901.5,345.7,"MN",3815381,39.952418906526,24.8585921039078,20.3937169053366,14.7952720842296,NA,NA,NA,NA,NA,NA,NA,NA,NA,NA,NA,NA,NA,NA,NA,NA,NA,NA,NA,NA,NA,NA,NA,NA,NA
"285",1970,2216912,3974,11.5,8.9,19,139.8,1123.1,351.2,693.6,78.4,"MS",2226138,42.0526041063043,23.76101571421,19.7898782555259,14.3965019239598,NA,NA,NA,NA,NA,NA,NA,NA,NA,NA,NA,NA,NA,NA,NA,NA,NA,NA,NA,NA,NA,NA,NA,NA,NA
"286",1970,4677399,18986,10.7,27.4,200.8,167,3748.8,1137,2073.9,537.8,"MO",4686588,36.7747708994262,24.7025768000089,21.8124358275146,16.7102164730503,NA,NA,NA,NA,NA,NA,NA,NA,NA,NA,NA,NA,NA,NA,NA,NA,NA,NA,NA,NA,NA,NA,NA,NA,NA
"287",1970,694409,774,3.2,10.5,22.3,75.5,2771.4,593.7,1955.9,221.8,"MT",697665,40.0025800348305,24.3103781901056,21.7241799430959,13.9628618319681,NA,NA,NA,NA,NA,NA,NA,NA,NA,NA,NA,NA,NA,NA,NA,NA,NA,NA,NA,NA,NA,NA,NA,NA,NA
"288",1970,1483791,2731,3,9.3,57.3,114.5,2368.9,504.5,1572.5,291.9,"NE",1489064,37.9765409680175,24.3774612776885,20.8557859165221,16.7902118377719,NA,NA,NA,NA,NA,NA,NA,NA,NA,NA,NA,NA,NA,NA,NA,NA,NA,NA,NA,NA,NA,NA,NA,NA,NA
"289",1970,488738,1948,8.8,19.6,188.4,181.7,5365.2,1660.6,3044,660.7,"NV",494996,37.6089907797235,29.1759933413603,23.2268543584191,9.98816152049714,NA,NA,NA,NA,NA,NA,NA,NA,NA,NA,NA,NA,NA,NA,NA,NA,NA,NA,NA,NA,NA,NA,NA,NA,NA
"290",1970,737681,413,2,6,12.1,35.9,1666.2,565.6,928.6,172,"NH",742566,38.1245572784103,25.542780035714,21.4286676201173,14.9039950657585,NA,NA,NA,NA,NA,NA,NA,NA,NA,NA,NA,NA,NA,NA,NA,NA,NA,NA,NA,NA,NA,NA,NA,NA,NA
"291",1970,7168164,20583,5.7,12.9,169.4,99,3288.2,1041.4,1689.4,557.4,"NJ",7193210,36.3179303815682,25.0265597695605,24.580903379715,14.0746064691563,NA,NA,NA,NA,NA,NA,NA,NA,NA,NA,NA,NA,NA,NA,NA,NA,NA,NA,NA,NA,NA,NA,NA,NA,NA
"292",1970,1016000,3093,9.6,22.3,67.6,204.8,4131.6,1196.5,2532.4,402.8,"NM",1024290,43.6050337306817,26.2701969168888,19.7927344794931,10.3320348729364,NA,NA,NA,NA,NA,NA,NA,NA,NA,NA,NA,NA,NA,NA,NA,NA,NA,NA,NA,NA,NA,NA,NA,NA,NA
"293",1970,18190740,124613,7.9,15.8,446.1,215.2,4286.3,1470.4,2125,690.9,"NY",18266034,35.3219149816539,25.6895941395926,23.5611189599231,15.4273719188303,NA,NA,NA,NA,NA,NA,NA,NA,NA,NA,NA,NA,NA,NA,NA,NA,NA,NA,NA,NA,NA,NA,NA,NA,NA
"294",1970,5082059,18814,11.7,12.9,52.3,293.2,2272.5,765.8,1338.9,167.8,"NC",5107138,38.7560900057919,27.5397296881345,21.6487394701298,12.0554408359437,NA,NA,NA,NA,NA,NA,NA,NA,NA,NA,NA,NA,NA,NA,NA,NA,NA,NA,NA,NA,NA,NA,NA,NA,NA
"295",1970,617761,211,0.5,6.2,6.5,21,1672.3,286.4,1295,91,"ND",619616,40.5055711924805,23.7263079068326,20.619383618241,15.1487372824459,NA,NA,NA,NA,NA,NA,NA,NA,NA,NA,NA,NA,NA,NA,NA,NA,NA,NA,NA,NA,NA,NA,NA,NA,NA
"296",1970,10652017,30279,6.6,16,145.9,115.9,3290.1,853.9,1943.5,492.8,"OH",10672784,38.6512366407865,25.4586151092349,22.5286579396716,13.361490310307,NA,NA,NA,NA,NA,NA,NA,NA,NA,NA,NA,NA,NA,NA,NA,NA,NA,NA,NA,NA,NA,NA,NA,NA,NA
"297",1970,2559253,5194,5.9,15.6,54.7,126.7,2774.4,835.4,1659.6,279.3,"OK",2570926,36.335079267159,25.4245746474228,21.7908255624627,16.4495205229555,NA,NA,NA,NA,NA,NA,NA,NA,NA,NA,NA,NA,NA,NA,NA,NA,NA,NA,NA,NA,NA,NA,NA,NA,NA
"298",1970,2091385,5373,4.6,18,102.5,131.7,4431.3,1273.4,2825,332.8,"OR",2103151,36.9066700393838,25.2931910262268,22.4943905596888,15.3057483747006,NA,NA,NA,NA,NA,NA,NA,NA,NA,NA,NA,NA,NA,NA,NA,NA,NA,NA,NA,NA,NA,NA,NA,NA,NA
"299",1970,11793909,25970,5.4,11.9,108.6,94.2,1965.6,599.7,1020.7,345.2,"PA",11817397,36.0364384813339,23.7820985450518,24.6846069400901,15.4968560335241,NA,NA,NA,NA,NA,NA,NA,NA,NA,NA,NA,NA,NA,NA,NA,NA,NA,NA,NA,NA,NA,NA,NA,NA,NA
"300",1970,949723,1944,3.2,3.6,78.3,119.6,4064.1,1018.9,2186.2,859,"RI",952555,35.4648288025363,25.6523770280981,23.3708289810037,15.5119651883618,NA,NA,NA,NA,NA,NA,NA,NA,NA,NA,NA,NA,NA,NA,NA,NA,NA,NA,NA,NA,NA,NA,NA,NA,NA
"301",1970,2590516,7412,14.6,18,60.1,193.4,2772,1019.4,1495.5,257.1,"SC",2604662,41.180275982066,27.1231737553663,20.6665202625139,11.0300300000538,NA,NA,NA,NA,NA,NA,NA,NA,NA,NA,NA,NA,NA,NA,NA,NA,NA,NA,NA,NA,NA,NA,NA,NA,NA
"302",1970,666257,616,3.8,11.1,17.1,60.5,1961.1,471.3,1396.2,93.7,"SD",667299,40.109006607233,22.5050539563224,20.9451834934565,16.4407559429881,NA,NA,NA,NA,NA,NA,NA,NA,NA,NA,NA,NA,NA,NA,NA,NA,NA,NA,NA,NA,NA,NA,NA,NA,NA
"303",1970,3924164,10787,8.8,15.5,82,168.6,2120.7,806.7,1024.7,289.3,"TN",3942583,37.5687715388617,26.3380377787861,21.9497217940624,14.1434688882897,NA,NA,NA,NA,NA,NA,NA,NA,NA,NA,NA,NA,NA,NA,NA,NA,NA,NA,NA,NA,NA,NA,NA,NA,NA
"304",1970,11196000,40897,11.6,20.8,136.5,196.4,3808.1,1159.9,2242.7,405.4,"TX",11260221,39.4548028853075,26.8351837854692,20.9013126829393,12.8087006462839,NA,NA,NA,NA,NA,NA,NA,NA,NA,NA,NA,NA,NA,NA,NA,NA,NA,NA,NA,NA,NA,NA,NA,NA,NA
"305",1970,1059273,1459,3.4,10.9,53.1,70.3,4063.9,915,2832.7,316.3,"UT",1067600,44.2968340202323,26.6845260397153,18.4537279880105,10.564911952042,NA,NA,NA,NA,NA,NA,NA,NA,NA,NA,NA,NA,NA,NA,NA,NA,NA,NA,NA,NA,NA,NA,NA,NA,NA
"306",1970,444732,329,1.3,10.3,7.6,54.6,1823.1,730.6,968.7,123.9,"VT",446649,39.4676804381069,25.2032356503653,20.4178224959644,14.9112614155635,NA,NA,NA,NA,NA,NA,NA,NA,NA,NA,NA,NA,NA,NA,NA,NA,NA,NA,NA,NA,NA,NA,NA,NA,NA
"307",1970,4648494,14040,10.4,17.1,95.5,179.1,3363.4,914.6,2134.9,313.9,"VA",4671101,37.8376960806457,28.5515128017998,21.9879210490203,11.6228700685342,NA,NA,NA,NA,NA,NA,NA,NA,NA,NA,NA,NA,NA,NA,NA,NA,NA,NA,NA,NA,NA,NA,NA,NA,NA
"308",1970,3409169,7546,3.5,18,93.5,106.3,4659.7,1444.5,2853.5,361.8,"WA",3419974,37.7155498842974,26.7878937091335,22.0338517193406,13.4627046872286,NA,NA,NA,NA,NA,NA,NA,NA,NA,NA,NA,NA,NA,NA,NA,NA,NA,NA,NA,NA,NA,NA,NA,NA,NA
"309",1970,1744237,2158,6.2,6.7,27.3,83.5,1254.8,388.5,773.8,92.4,"WV",1749347,37.029245769993,23.4247979388881,23.5752540805226,15.9707022105963,NA,NA,NA,NA,NA,NA,NA,NA,NA,NA,NA,NA,NA,NA,NA,NA,NA,NA,NA,NA,NA,NA,NA,NA,NA
"310",1970,4417933,3792,2,6.7,33.1,44,2616.2,538.5,1860.1,217.6,"WI",4426419,39.5756705363862,24.3271818596477,21.1617562639235,14.9353913400426,NA,NA,NA,NA,NA,NA,NA,NA,NA,NA,NA,NA,NA,NA,NA,NA,NA,NA,NA,NA,NA,NA,NA,NA,NA
"311",1970,332416,376,5.7,12.3,22,73.1,2859.1,645.9,2048.6,164.6,"WY",333928,39.6468699839486,25.3192304928008,21.9271819074771,13.1067176157735,NA,NA,NA,NA,NA,NA,NA,NA,NA,NA,NA,NA,NA,NA,NA,NA,NA,NA,NA,NA,NA,NA,NA,NA,NA
"312",1970,203235298,738820,7.9,18.7,172.1,164.8,3621,1084.9,2079.3,456.8,"USA",NA,NA,NA,NA,NA,NA,NA,NA,NA,NA,NA,NA,NA,NA,NA,NA,NA,NA,NA,NA,NA,NA,NA,NA,NA,NA,NA,NA,NA,NA
"521",1975,3614000,14201,16,20.4,123,233.5,3079.6,1163.8,1645.5,270.3,"AL",NA,NA,NA,NA,NA,3680495,36.804234213061,27.8079714820968,20.4941726588407,14.8936216460014,NA,NA,NA,NA,NA,NA,NA,NA,NA,NA,NA,NA,NA,NA,NA,NA,NA,NA,NA,NA
"522",1975,352000,1900,12.2,44.6,129.5,353.4,5656.8,1214.5,3522.4,919.9,"AK",NA,NA,NA,NA,NA,370866,40.0451915247016,38.6206877955919,17.0525203173114,4.28160036239504,NA,NA,NA,NA,NA,NA,NA,NA,NA,NA,NA,NA,NA,NA,NA,NA,NA,NA,NA,NA
"523",1975,2224000,12184,8.6,35.5,170,333.8,7793.7,2529.9,4747.7,516.1,"AZ",NA,NA,NA,NA,NA,2286342,36.6448239152323,29.4385091994111,19.5783920340876,14.338274851269,NA,NA,NA,NA,NA,NA,NA,NA,NA,NA,NA,NA,NA,NA,NA,NA,NA,NA,NA,NA
"524",1975,2116000,7369,10.1,25.9,87.6,224.7,3191.9,1077.1,1947,167.8,"AR",NA,NA,NA,NA,NA,2158257,35.5911274699908,26.8165468709241,19.9043024069886,17.6880232520965,NA,NA,NA,NA,NA,NA,NA,NA,NA,NA,NA,NA,NA,NA,NA,NA,NA,NA,NA,NA
"525",1975,21185000,138842,10.4,41.6,282.4,321,6549.2,2217.3,3703.7,628.2,"CA",NA,NA,NA,NA,NA,21536811,33.6776415041206,31.150986095388,21.3763309711916,13.7950414292998,NA,NA,NA,NA,NA,NA,NA,NA,NA,NA,NA,NA,NA,NA,NA,NA,NA,NA,NA,NA
"526",1975,2534000,11735,7.4,41.5,174.1,240.1,6212.4,2001.2,3744,467.2,"CO",NA,NA,NA,NA,NA,2586243,35.5697821125084,33.2042658017827,19.4714108457713,11.7545412399376,NA,NA,NA,NA,NA,NA,NA,NA,NA,NA,NA,NA,NA,NA,NA,NA,NA,NA,NA,NA
"527",1975,3095000,8308,3.9,12.4,131.5,120.6,4688.6,1512.6,2603.6,572.4,"CT",NA,NA,NA,NA,NA,3084745,33.8225688022835,28.1093899171568,22.9864381010424,15.0816031795173,NA,NA,NA,NA,NA,NA,NA,NA,NA,NA,NA,NA,NA,NA,NA,NA,NA,NA,NA,NA
"528",1975,579000,2270,7.3,18.1,157.2,209.5,6276.2,1826.3,3926.9,523,"DE",NA,NA,NA,NA,NA,588737,36.2616924025499,29.5313527092743,21.6480363897632,12.5589184984127,NA,NA,NA,NA,NA,NA,NA,NA,NA,NA,NA,NA,NA,NA,NA,NA,NA,NA,NA,NA
"529",1975,716000,12704,32.8,72.6,1276.1,392.7,5929.2,1838.5,3616.2,474.4,"DC",NA,NA,NA,NA,NA,710304,30.187074829932,34.0257129341803,20.9062598549354,14.8809523809524,NA,NA,NA,NA,NA,NA,NA,NA,NA,NA,NA,NA,NA,NA,NA,NA,NA,NA,NA,NA
"530",1975,8357000,57540,13.5,35.7,239.7,399.6,7032.7,2349.6,4240.4,442.6,"FL",NA,NA,NA,NA,NA,8541584,31.132633010458,26.3527818727768,21.1197478125837,21.3948373041815,NA,NA,NA,NA,NA,NA,NA,NA,NA,NA,NA,NA,NA,NA,NA,NA,NA,NA,NA,NA
"531",1975,4926000,22608,14.4,25.4,166.5,252.6,4167,1580.7,2248.5,337.7,"GA",NA,NA,NA,NA,NA,5058099,37.1450024999511,30.2897392874279,19.9220497661276,12.6432084464934,NA,NA,NA,NA,NA,NA,NA,NA,NA,NA,NA,NA,NA,NA,NA,NA,NA,NA,NA,NA
"532",1975,865000,1889,7.7,24.7,127.6,58.3,5808.2,1826.8,3457.7,523.7,"HI",NA,NA,NA,NA,NA,884406,35.6425668753943,33.5956562936027,20.4643568677734,10.2974199632296,NA,NA,NA,NA,NA,NA,NA,NA,NA,NA,NA,NA,NA,NA,NA,NA,NA,NA,NA,NA
"533",1975,820000,1670,5.2,16.1,42,140.4,3937.4,1063,2651.3,223,"ID",NA,NA,NA,NA,NA,832061,38.436605008527,28.731547326458,19.175637363126,13.6562103018889,NA,NA,NA,NA,NA,NA,NA,NA,NA,NA,NA,NA,NA,NA,NA,NA,NA,NA,NA,NA
"534",1975,11145000,74699,10.6,25.7,325.8,308.1,5033.2,1409.7,3030,593.5,"IL",NA,NA,NA,NA,NA,11306443,35.1752536142446,28.5581504280347,21.479062867075,14.7875330906457,NA,NA,NA,NA,NA,NA,NA,NA,NA,NA,NA,NA,NA,NA,NA,NA,NA,NA,NA,NA
"535",1975,5311000,17677,8.5,24.3,156.8,143.3,4578.6,1376.4,2813.9,388.3,"IN",NA,NA,NA,NA,NA,5351155,36.4942334879106,28.5565452691989,20.8204957621299,14.1287254807607,NA,NA,NA,NA,NA,NA,NA,NA,NA,NA,NA,NA,NA,NA,NA,NA,NA,NA,NA,NA
"536",1975,2870000,4039,2.5,10.3,53.5,74.4,3768,818.5,2719.8,229.7,"IA",NA,NA,NA,NA,NA,2881482,35.2971838796841,27.1874334110017,20.3504307852695,17.1649519240446,NA,NA,NA,NA,NA,NA,NA,NA,NA,NA,NA,NA,NA,NA,NA,NA,NA,NA,NA,NA
"537",1975,2267000,6307,5.4,17.2,92.8,162.8,4468.8,1369.5,2862.8,236.4,"KS",NA,NA,NA,NA,NA,2278947,34.1055759524026,28.2221569874157,20.6194352040657,17.052831856116,NA,NA,NA,NA,NA,NA,NA,NA,NA,NA,NA,NA,NA,NA,NA,NA,NA,NA,NA,NA
"538",1975,3396000,8967,10.2,15.4,103.2,135.3,3000.3,962.8,1774.2,263.4,"KY",NA,NA,NA,NA,NA,3468957,36.2585930007204,28.5977600760113,20.1197074509716,15.0239394722967,NA,NA,NA,NA,NA,NA,NA,NA,NA,NA,NA,NA,NA,NA,NA,NA,NA,NA,NA,NA
"539",1975,3791000,18137,12.6,23.7,153.1,289,3645,1114.6,2191.8,338.5,"LA",NA,NA,NA,NA,NA,3886835,38.7221479687201,28.6780118013757,19.4274004427767,13.1724397871276,NA,NA,NA,NA,NA,NA,NA,NA,NA,NA,NA,NA,NA,NA,NA,NA,NA,NA,NA,NA
"540",1975,1059000,2324,2.8,10.4,36.4,169.8,3740.1,1361.5,2167.9,210.8,"ME",NA,NA,NA,NA,NA,1073287,35.7144920231029,27.4664651672852,20.5511666497405,16.2678761598715,NA,NA,NA,NA,NA,NA,NA,NA,NA,NA,NA,NA,NA,NA,NA,NA,NA,NA,NA,NA
"541",1975,4098000,29087,10.7,31.5,344.2,323.4,5197.7,1413.2,3267.6,516.9,"MD",NA,NA,NA,NA,NA,4157172,35.2929828258249,30.510524943399,21.8903860605238,12.3061061702523,NA,NA,NA,NA,NA,NA,NA,NA,NA,NA,NA,NA,NA,NA,NA,NA,NA,NA,NA,NA
"542",1975,5828000,25793,4.2,19.2,227,192.2,5635.3,1712.5,2351.7,1571.1,"MA",NA,NA,NA,NA,NA,5762168,33.6686642944114,28.524281138627,21.4912685641932,16.3157860027684,NA,NA,NA,NA,NA,NA,NA,NA,NA,NA,NA,NA,NA,NA,NA,NA,NA,NA,NA,NA
"543",1975,9157000,62792,11.9,38.1,353.1,282.7,6114.6,1891.8,3572.9,649.9,"MI",NA,NA,NA,NA,NA,9107933,37.2780849397992,28.6729711340652,20.9891530822636,13.059790843872,NA,NA,NA,NA,NA,NA,NA,NA,NA,NA,NA,NA,NA,NA,NA,NA,NA,NA,NA,NA
"544",1975,3926000,8125,3.3,18.6,103.6,81.4,4091.7,1193.1,2516.1,382.5,"MN",NA,NA,NA,NA,NA,3925808,36.3729199186511,28.6575400529012,19.5804787192853,15.3890613091623,NA,NA,NA,NA,NA,NA,NA,NA,NA,NA,NA,NA,NA,NA,NA,NA,NA,NA,NA,NA
"545",1975,2346000,7411,13.9,16.5,54.6,230.9,2094.8,784.2,1181.3,129.3,"MS",NA,NA,NA,NA,NA,2399711,39.34894660232,26.8661101274278,18.7091695625015,15.0757737077506,NA,NA,NA,NA,NA,NA,NA,NA,NA,NA,NA,NA,NA,NA,NA,NA,NA,NA,NA,NA
"546",1975,4763000,23521,10.6,25.2,244.7,213.3,4904,1512.6,2924.7,466.7,"MO",NA,NA,NA,NA,NA,4795560,34.4303689245886,27.3453152499395,20.9342183186114,17.2900975068605,NA,NA,NA,NA,NA,NA,NA,NA,NA,NA,NA,NA,NA,NA,NA,NA,NA,NA,NA,NA
"547",1975,748000,1418,5.2,14.3,41.4,128.6,3999.3,875.1,2814.8,309.4,"MT",NA,NA,NA,NA,NA,749209,36.627029306909,28.8760546122644,20.1676701694721,14.3292459113545,NA,NA,NA,NA,NA,NA,NA,NA,NA,NA,NA,NA,NA,NA,NA,NA,NA,NA,NA,NA
"548",1975,1546000,3986,4.3,19.2,90.4,143.9,3356.2,760.2,2365,231,"NE",NA,NA,NA,NA,NA,1541653,35.2410042986327,28.0014374181479,19.8248243930379,16.9327338901815,NA,NA,NA,NA,NA,NA,NA,NA,NA,NA,NA,NA,NA,NA,NA,NA,NA,NA,NA,NA
"549",1975,592000,4018,13,47.1,302.5,316,7474.2,2447.1,4517.1,510,"NV",NA,NA,NA,NA,NA,619877,34.1170909712733,31.8808408764965,22.4852672385005,11.5168009137297,NA,NA,NA,NA,NA,NA,NA,NA,NA,NA,NA,NA,NA,NA,NA,NA,NA,NA,NA,NA
"550",1975,818000,816,2.9,8.7,28.9,59.3,3246.8,853.1,2135.7,258.1,"NH",NA,NA,NA,NA,NA,830038,35.4493408735504,29.1930008023729,20.3355749977712,15.0220833263055,NA,NA,NA,NA,NA,NA,NA,NA,NA,NA,NA,NA,NA,NA,NA,NA,NA,NA,NA,NA
"551",1975,7316000,30215,6.8,18.9,222.6,164.6,4731.3,1521.2,2672.5,537.7,"NJ",NA,NA,NA,NA,NA,7341399,33.8362347558006,27.3967809132837,23.5522275795118,15.2147567514039,NA,NA,NA,NA,NA,NA,NA,NA,NA,NA,NA,NA,NA,NA,NA,NA,NA,NA,NA,NA
"552",1975,1147000,6134,13.3,41,126.7,353.8,5304.6,1728.7,3258.8,317.2,"NM",NA,NA,NA,NA,NA,1162743,39.8771697615036,29.2907375060525,19.2364090775004,11.5956836549435,NA,NA,NA,NA,NA,NA,NA,NA,NA,NA,NA,NA,NA,NA,NA,NA,NA,NA,NA,NA
"553",1975,18120000,155187,11,28.1,516,301.3,4779.3,1666.6,2471,641.7,"NY",NA,NA,NA,NA,NA,18032337,33.1463858511517,28.147788054316,22.5475377927997,16.1582883017326,NA,NA,NA,NA,NA,NA,NA,NA,NA,NA,NA,NA,NA,NA,NA,NA,NA,NA,NA,NA
"554",1975,5451000,23791,12.4,16.2,82.2,325.6,3380.3,1285.1,1909.2,186,"NC",NA,NA,NA,NA,NA,5535035,35.7485905689847,30.0200089068994,20.9206445849033,13.3107559392127,NA,NA,NA,NA,NA,NA,NA,NA,NA,NA,NA,NA,NA,NA,NA,NA,NA,NA,NA,NA
"555",1975,635000,337,0.8,5.8,14.3,32.1,2284.1,539.2,1614.3,130.6,"ND",NA,NA,NA,NA,NA,638605,36.8017788773968,28.1485425262878,19.1343631822488,15.9153154140666,NA,NA,NA,NA,NA,NA,NA,NA,NA,NA,NA,NA,NA,NA,NA,NA,NA,NA,NA,NA
"556",1975,10759000,43901,8.1,25.3,220,154.6,4506.4,1271.4,2808.6,426.4,"OH",NA,NA,NA,NA,NA,10770620,35.823063110573,28.2040216812031,21.7432794026713,14.2296358055525,NA,NA,NA,NA,NA,NA,NA,NA,NA,NA,NA,NA,NA,NA,NA,NA,NA,NA,NA,NA
"557",1975,2712000,8225,9.4,27.2,90.2,176.5,4274.8,1551.8,2375,348,"OK",NA,NA,NA,NA,NA,2771958,34.3276846185981,28.1936089940757,20.6592596280319,16.8194467592943,NA,NA,NA,NA,NA,NA,NA,NA,NA,NA,NA,NA,NA,NA,NA,NA,NA,NA,NA,NA
"558",1975,2288000,10034,6.2,32.6,130.3,269.4,6313.7,1911.6,3935.9,466.2,"OR",NA,NA,NA,NA,NA,2324646,33.7670337763255,29.8649342738636,20.5689812556406,15.7990506941702,NA,NA,NA,NA,NA,NA,NA,NA,NA,NA,NA,NA,NA,NA,NA,NA,NA,NA,NA,NA
"559",1975,11827000,38933,6.8,17.4,168.6,136.5,3020.3,983.3,1670,367,"PA",NA,NA,NA,NA,NA,11897884,33.3055104588345,26.7084970739335,23.2675995160148,16.7183929512172,NA,NA,NA,NA,NA,NA,NA,NA,NA,NA,NA,NA,NA,NA,NA,NA,NA,NA,NA,NA
"560",1975,927000,2802,3,10.9,95.9,192.4,5341.5,1446.3,2878.4,1016.8,"RI",NA,NA,NA,NA,NA,946352,33.1979009924426,27.4423258998766,22.2264020153178,17.1333710923631,NA,NA,NA,NA,NA,NA,NA,NA,NA,NA,NA,NA,NA,NA,NA,NA,NA,NA,NA,NA
"561",1975,2818000,14412,14.7,26.5,110.9,359.3,4130.1,1714.2,2156.3,259.6,"SC",NA,NA,NA,NA,NA,2900130,37.8876808970632,30.1610962267209,19.8325592301035,12.1186636461124,NA,NA,NA,NA,NA,NA,NA,NA,NA,NA,NA,NA,NA,NA,NA,NA,NA,NA,NA,NA
"562",1975,683000,1402,3.7,16.5,31,154,2533.7,667.8,1698,167.9,"SD",NA,NA,NA,NA,NA,681489,36.8478434721617,26.3385028958648,19.8349496470229,16.9787039849506,NA,NA,NA,NA,NA,NA,NA,NA,NA,NA,NA,NA,NA,NA,NA,NA,NA,NA,NA,NA
"563",1975,4188000,16627,11.4,26.1,166.8,192.6,3873.5,1379.3,2129.5,364.7,"TN",NA,NA,NA,NA,NA,4260943,35.047148013949,28.9809790931256,20.988147459377,14.9837254335484,NA,NA,NA,NA,NA,NA,NA,NA,NA,NA,NA,NA,NA,NA,NA,NA,NA,NA,NA,NA
"564",1975,12237000,47803,13.4,28,164.1,185.2,5016.5,1665.6,2963.7,387.2,"TX",NA,NA,NA,NA,NA,12568317,36.8889406592784,29.9449719481137,19.8380340024842,13.3280533901238,NA,NA,NA,NA,NA,NA,NA,NA,NA,NA,NA,NA,NA,NA,NA,NA,NA,NA,NA,NA
"565",1975,1206000,2795,2.7,20.9,79,129.2,4880.8,1187.8,3372.6,320.5,"UT",NA,NA,NA,NA,NA,1233990,42.3329200398707,29.9957049895056,17.0388738968711,10.6325010737526,NA,NA,NA,NA,NA,NA,NA,NA,NA,NA,NA,NA,NA,NA,NA,NA,NA,NA,NA,NA
"566",1975,471000,448,2.1,14.6,15.7,62.6,3386,1100,2112.1,173.9,"VT",NA,NA,NA,NA,NA,479897,36.3482163880999,29.1704261539455,19.3587373957328,15.1226200622217,NA,NA,NA,NA,NA,NA,NA,NA,NA,NA,NA,NA,NA,NA,NA,NA,NA,NA,NA,NA
"567",1975,4967000,18917,11.5,24,138.5,206.9,4165.6,1165.7,2730.7,269.2,"VA",NA,NA,NA,NA,NA,5056199,34.8558670258034,31.39457129753,21.1765201488312,12.5730415278354,NA,NA,NA,NA,NA,NA,NA,NA,NA,NA,NA,NA,NA,NA,NA,NA,NA,NA,NA,NA
"568",1975,3544000,13851,5.7,32.7,124,228.4,5750.1,1723.1,3641.6,385.4,"WA",NA,NA,NA,NA,NA,3618928,34.3970645450808,30.157632315426,20.9287667508168,14.5165363886764,NA,NA,NA,NA,NA,NA,NA,NA,NA,NA,NA,NA,NA,NA,NA,NA,NA,NA,NA,NA
"569",1975,1803000,2915,7.4,9.3,45.5,99.5,1946.1,591,1228.7,126.4,"WV",NA,NA,NA,NA,NA,1840660,34.6901654841198,26.9701628763596,21.7723533949779,16.5673182445427,NA,NA,NA,NA,NA,NA,NA,NA,NA,NA,NA,NA,NA,NA,NA,NA,NA,NA,NA,NA
"570",1975,4607000,6992,3.3,10.6,73.4,64.5,3823.9,918.5,2665.4,239.9,"WI",NA,NA,NA,NA,NA,4569660,36.3490500387337,27.8774350826976,20.1558978129664,15.6176170656023,NA,NA,NA,NA,NA,NA,NA,NA,NA,NA,NA,NA,NA,NA,NA,NA,NA,NA,NA,NA
"571",1975,374000,764,10.2,17.1,49.5,127.5,3951.6,863.4,2810.7,277.5,"WY",NA,NA,NA,NA,NA,380537,36.7596317835059,30.8939735163729,19.7941330278002,12.552261672321,NA,NA,NA,NA,NA,NA,NA,NA,NA,NA,NA,NA,NA,NA,NA,NA,NA,NA,NA,NA
"572",1975,213124000,1039710,9.6,26.3,220.8,231.1,4810.7,1532.1,2804.8,473.7,"USA",NA,NA,NA,NA,NA,NA,NA,NA,NA,NA,NA,NA,NA,NA,NA,NA,NA,NA,NA,NA,NA,NA,NA,NA,NA,NA,NA,NA,NA,NA
"781",1980,3861466,17320,13.2,30,132.1,273.2,4485.1,1526.7,2642.2,316.2,"AL",NA,NA,NA,NA,NA,NA,NA,NA,NA,NA,3899671,33.6558135288849,30.6496368539808,19.9987896414851,15.6957599756492,NA,NA,NA,NA,NA,NA,NA,NA,NA,NA,NA,NA,NA,NA,NA
"782",1980,440142,1919,8.9,56.8,81.8,288.5,5209.7,1259.8,3388.9,561,"AK",NA,NA,NA,NA,NA,NA,NA,NA,NA,NA,404680,36.1327468617179,41.5671641791045,17.3638430364733,4.93624592270436,NA,NA,NA,NA,NA,NA,NA,NA,NA,NA,NA,NA,NA,NA,NA
"783",1980,2715357,17673,10.3,45.2,193.6,401.8,7519.9,2155.4,4891.2,473.3,"AZ",NA,NA,NA,NA,NA,NA,NA,NA,NA,NA,2735840,32.7722381425814,32.1985203813088,19.0667217381133,15.9625197379964,NA,NA,NA,NA,NA,NA,NA,NA,NA,NA,NA,NA,NA,NA,NA
"784",1980,2284037,7656,9.2,26.7,80.9,218.4,3475.9,1119,2169.8,187.1,"AR",NA,NA,NA,NA,NA,NA,NA,NA,NA,NA,2288809,32.9417177230603,29.0828985730133,19.4471884722578,18.5281952316685,NA,NA,NA,NA,NA,NA,NA,NA,NA,NA,NA,NA,NA,NA,NA
"785",1980,23532680,210290,14.5,58.2,384.2,436.7,6939.5,2316.5,3880,742.9,"CA",NA,NA,NA,NA,NA,NA,NA,NA,NA,NA,23792840,30.6708656890056,34.6133248489882,20.2908185823971,14.4249908796092,NA,NA,NA,NA,NA,NA,NA,NA,NA,NA,NA,NA,NA,NA,NA
"786",1980,2878407,15215,6.9,52.5,160.1,309.2,6804.9,2030.8,4325.8,448.3,"CO",NA,NA,NA,NA,NA,NA,NA,NA,NA,NA,2909545,31.8552557186777,36.9957158249829,19.0112887066534,12.1377397496859,NA,NA,NA,NA,NA,NA,NA,NA,NA,NA,NA,NA,NA,NA,NA
"787",1980,3095224,12768,4.7,21.6,218,168.1,5469.2,1700.6,3089.6,678.9,"CT",NA,NA,NA,NA,NA,NA,NA,NA,NA,NA,3114221,29.9612969021787,31.2990953435867,21.8844455804517,16.8551621737828,NA,NA,NA,NA,NA,NA,NA,NA,NA,NA,NA,NA,NA,NA,NA
"788",1980,594779,2824,6.9,24.2,137,306.7,6301.8,1630.5,4216.2,455.1,"DE",NA,NA,NA,NA,NA,NA,NA,NA,NA,NA,594936,32.0792488603816,32.1893447362405,21.1673188376565,14.5640875657214,NA,NA,NA,NA,NA,NA,NA,NA,NA,NA,NA,NA,NA,NA,NA
"789",1980,635233,12772,31.5,69.1,1400.6,509.4,8012.2,2559.7,4890.8,561.7,"DC",NA,NA,NA,NA,NA,NA,NA,NA,NA,NA,637161,26.526262592971,36.8726271695851,20.3171568881335,16.2839533493105,NA,NA,NA,NA,NA,NA,NA,NA,NA,NA,NA,NA,NA,NA,NA
"790",1980,9567112,94095,14.5,56.9,355.5,556.6,7418.4,2506.8,4434.2,477.5,"FL",NA,NA,NA,NA,NA,NA,NA,NA,NA,NA,9841159,27.4631981863112,28.6712774379522,20.7517325957237,23.1137917800129,NA,NA,NA,NA,NA,NA,NA,NA,NA,NA,NA,NA,NA,NA,NA
"791",1980,5400851,29993,13.8,44.3,197.6,299.7,5048.3,1699.2,2976.6,372.4,"GA",NA,NA,NA,NA,NA,NA,NA,NA,NA,NA,5484427,33.9479219980501,33.1173703287508,19.4944886676402,13.4402190055588,NA,NA,NA,NA,NA,NA,NA,NA,NA,NA,NA,NA,NA,NA,NA
"792",1980,964680,2889,8.7,34.7,190.2,65.8,7182.8,1847.5,4723.2,612.1,"HI",NA,NA,NA,NA,NA,NA,NA,NA,NA,NA,961525,32.2269311770365,36.2479394711526,19.581498140974,11.943631210837,NA,NA,NA,NA,NA,NA,NA,NA,NA,NA,NA,NA,NA,NA,NA
"793",1980,943629,2957,3.1,22.4,46.8,241.1,4468.8,1238.9,2993,236.9,"ID",NA,NA,NA,NA,NA,NA,NA,NA,NA,NA,948582,36.3363420347424,31.73431500914,17.9072552504686,14.0220877056491,NA,NA,NA,NA,NA,NA,NA,NA,NA,NA,NA,NA,NA,NA,NA
"794",1980,11355062,91753,10.6,34.8,367,395.6,5461.1,1559.6,3252.5,649,"IL",NA,NA,NA,NA,NA,NA,NA,NA,NA,NA,11435454,32.0998798998273,31.865013842039,20.4736689946897,15.561437263444,NA,NA,NA,NA,NA,NA,NA,NA,NA,NA,NA,NA,NA,NA,NA
"795",1980,5461103,20633,8.9,33.1,141.4,194.5,4552.5,1313.3,2807.1,432.2,"IN",NA,NA,NA,NA,NA,NA,NA,NA,NA,NA,5492740,33.3153762967117,31.5332966788889,20.1602843025521,14.9910427218474,NA,NA,NA,NA,NA,NA,NA,NA,NA,NA,NA,NA,NA,NA,NA
"796",1980,2907804,5826,2.2,14.3,54.9,129,4546.4,1079.5,3219.1,247.8,"IA",NA,NA,NA,NA,NA,NA,NA,NA,NA,NA,2915562,32.2171848857956,30.3974328105525,19.4607077469112,17.9246745567407,NA,NA,NA,NA,NA,NA,NA,NA,NA,NA,NA,NA,NA,NA,NA
"797",1980,2354783,9168,6.9,31.5,113.1,237.8,4989.5,1521.4,3196.4,271.7,"KS",NA,NA,NA,NA,NA,NA,NA,NA,NA,NA,2370088,31.3327606401112,31.5765912489325,19.6237439284955,17.4669041824607,NA,NA,NA,NA,NA,NA,NA,NA,NA,NA,NA,NA,NA,NA,NA
"798",1980,3641479,9711,8.8,19.2,95.2,143.5,3167.1,1040.8,1875.5,250.7,"KY",NA,NA,NA,NA,NA,NA,NA,NA,NA,NA,3665364,33.4440726760016,31.5028466476999,19.6157325711716,15.4373481051268,NA,NA,NA,NA,NA,NA,NA,NA,NA,NA,NA,NA,NA,NA,NA
"799",1980,4199542,27926,15.7,44.5,197,407.8,4788.8,1523.9,2888.4,376.5,"LA",NA,NA,NA,NA,NA,NA,NA,NA,NA,NA,4221583,35.6832733124044,32.1099691750701,18.7370709044451,13.4696866080804,NA,NA,NA,NA,NA,NA,NA,NA,NA,NA,NA,NA,NA,NA,NA
"800",1980,1123670,2173,2.8,12.9,30.8,146.8,4174.2,1182.8,2772.3,219.1,"ME",NA,NA,NA,NA,NA,NA,NA,NA,NA,NA,1127825,32.2753086693414,30.7488307139849,19.894221177931,17.0816394387427,NA,NA,NA,NA,NA,NA,NA,NA,NA,NA,NA,NA,NA,NA,NA
"801",1980,4192211,35735,9.5,40.1,392.7,410.1,5777.7,1698,3629.2,450.5,"MD",NA,NA,NA,NA,NA,NA,NA,NA,NA,NA,4226191,31.3250868216794,33.5231180985431,21.4183173453353,13.7334777344422,NA,NA,NA,NA,NA,NA,NA,NA,NA,NA,NA,NA,NA,NA,NA
"802",1980,5728288,34444,4.1,27.3,235.5,334.4,5477.8,1740.4,2685.8,1051.6,"MA",NA,NA,NA,NA,NA,NA,NA,NA,NA,NA,5748441,29.8275480256299,32.2454209758785,20.3895804097146,17.537450588777,NA,NA,NA,NA,NA,NA,NA,NA,NA,NA,NA,NA,NA,NA,NA
"803",1980,9228128,59014,10.2,46.6,244,338.6,6036.4,1741.3,3710.2,584.9,"MI",NA,NA,NA,NA,NA,NA,NA,NA,NA,NA,9256676,33.5420727699662,32.1886819847643,20.087134949954,14.1821102953155,NA,NA,NA,NA,NA,NA,NA,NA,NA,NA,NA,NA,NA,NA,NA
"804",1980,4061235,9250,2.6,23.2,99.1,102.9,4571.7,1246,3029.9,295.9,"MN",NA,NA,NA,NA,NA,NA,NA,NA,NA,NA,4086746,32.6520415019676,32.4511237057551,18.9153424264684,15.9814923658089,NA,NA,NA,NA,NA,NA,NA,NA,NA,NA,NA,NA,NA,NA,NA
"805",1980,2511491,8588,14.5,24.6,81,221.7,3075.2,1179.1,1717.8,178.4,"MS",NA,NA,NA,NA,NA,NA,NA,NA,NA,NA,2524011,36.3643819301897,29.5202754663114,18.5008306223705,15.6145119811285,NA,NA,NA,NA,NA,NA,NA,NA,NA,NA,NA,NA,NA,NA,NA
"806",1980,4901288,27177,11.1,32.6,223.6,287.2,4878.6,1668.9,2795.1,414.6,"MO",NA,NA,NA,NA,NA,NA,NA,NA,NA,NA,4923025,31.488769608117,30.4326100314339,20.2849467552978,17.7936736051513,NA,NA,NA,NA,NA,NA,NA,NA,NA,NA,NA,NA,NA,NA,NA
"807",1980,781592,1740,4,21,34,163.6,4801.9,950.6,3529.6,321.7,"MT",NA,NA,NA,NA,NA,NA,NA,NA,NA,NA,788754,33.2155526311119,32.4397720962429,19.1319473498708,15.2127279227744,NA,NA,NA,NA,NA,NA,NA,NA,NA,NA,NA,NA,NA,NA,NA
"808",1980,1563921,3512,4.4,23.2,82.2,114.7,4080.6,915.4,2921.6,243.6,"NE",NA,NA,NA,NA,NA,NA,NA,NA,NA,NA,1572854,32.316031875813,31.1262838127379,19.1305105241809,17.4271737872682,NA,NA,NA,NA,NA,NA,NA,NA,NA,NA,NA,NA,NA,NA,NA
"809",1980,800312,7304,20,67.2,460.6,364.9,7941.4,2906.7,4356.3,678.4,"NV",NA,NA,NA,NA,NA,NA,NA,NA,NA,NA,810232,30.3767316028002,35.0263875038261,21.8741051945616,12.7227756988122,NA,NA,NA,NA,NA,NA,NA,NA,NA,NA,NA,NA,NA,NA,NA
"810",1980,919114,1653,2.5,17.3,42,118,4499.8,1312.9,2877,309.9,"NH",NA,NA,NA,NA,NA,NA,NA,NA,NA,NA,924802,31.8530885530092,32.9238042305272,19.7002169112956,15.522890305168,NA,NA,NA,NA,NA,NA,NA,NA,NA,NA,NA,NA,NA,NA,NA
"811",1980,7342164,44373,6.9,30.7,303.7,263,5797,1878.2,3189.3,729.5,"NJ",NA,NA,NA,NA,NA,NA,NA,NA,NA,NA,7376972,30.3965773490804,30.4425447188901,22.4225739232845,16.7383040087451,NA,NA,NA,NA,NA,NA,NA,NA,NA,NA,NA,NA,NA,NA,NA
"812",1980,1295474,7967,13.1,43.3,127.9,430.7,5364.1,1492.5,3521,350.6,"NM",NA,NA,NA,NA,NA,NA,NA,NA,NA,NA,1309108,36.0262102133667,32.340647219328,18.9366347161579,12.6965078511475,NA,NA,NA,NA,NA,NA,NA,NA,NA,NA,NA,NA,NA,NA,NA
"813",1980,17506690,180235,12.7,30.9,641.3,344.6,5882,2061.6,3060.4,759.9,"NY",NA,NA,NA,NA,NA,NA,NA,NA,NA,NA,17566376,30.2136422447066,30.9406846352372,21.7061675100203,17.1395056100359,NA,NA,NA,NA,NA,NA,NA,NA,NA,NA,NA,NA,NA,NA,NA
"814",1980,5843665,26589,10.6,22.7,82.3,339.4,4185.5,1422.9,2546.4,216.1,"NC",NA,NA,NA,NA,NA,NA,NA,NA,NA,NA,5896178,32.1222663223532,32.6546450938218,20.5586907315213,14.6643978523036,NA,NA,NA,NA,NA,NA,NA,NA,NA,NA,NA,NA,NA,NA,NA
"815",1980,652437,352,1.2,9.5,7.7,35.6,2909.7,488.3,2242.2,179.2,"ND",NA,NA,NA,NA,NA,NA,NA,NA,NA,NA,654501,33.3968932056636,31.9901726658936,17.9869855049878,16.6259486234551,NA,NA,NA,NA,NA,NA,NA,NA,NA,NA,NA,NA,NA,NA,NA
"816",1980,10766808,53646,8.1,34.3,223.7,232.2,4933.1,1466.3,3040.1,426.7,"OH",NA,NA,NA,NA,NA,NA,NA,NA,NA,NA,10803551,32.3240386424797,31.3117603647171,20.9346352879715,15.4295657048317,NA,NA,NA,NA,NA,NA,NA,NA,NA,NA,NA,NA,NA,NA,NA
"817",1980,3001252,12589,10,36.3,104.9,268.4,4633.4,1692.7,2520.6,420.2,"OK",NA,NA,NA,NA,NA,NA,NA,NA,NA,NA,3040067,32.0353794834127,31.2656267115166,19.9366658695351,16.7623279355356,NA,NA,NA,NA,NA,NA,NA,NA,NA,NA,NA,NA,NA,NA,NA
"818",1980,2610477,12802,5.1,41.5,152.4,291.4,6196.5,1748.4,4087.8,360.3,"OR",NA,NA,NA,NA,NA,NA,NA,NA,NA,NA,2642128,30.9204928754398,33.8166432511975,19.2076992484846,16.0551646248781,NA,NA,NA,NA,NA,NA,NA,NA,NA,NA,NA,NA,NA,NA,NA
"819",1980,11824220,43032,6.8,23,177.9,156.1,3372.4,1038.5,1915.5,418.3,"PA",NA,NA,NA,NA,NA,NA,NA,NA,NA,NA,11872347,29.9273260796707,29.9388739227383,21.8145325435653,18.3192674540257,NA,NA,NA,NA,NA,NA,NA,NA,NA,NA,NA,NA,NA,NA,NA
"820",1980,945835,3864,4.4,17.1,118.6,268.3,5524.1,1716.3,2964.3,843.6,"RI",NA,NA,NA,NA,NA,NA,NA,NA,NA,NA,949207,29.5988124824195,30.9376142400973,20.7849288932762,18.678644384207,NA,NA,NA,NA,NA,NA,NA,NA,NA,NA,NA,NA,NA,NA,NA
"821",1980,3064557,20225,11.4,37.5,118.1,493,4779.2,1670,2803.2,306,"SC",NA,NA,NA,NA,NA,NA,NA,NA,NA,NA,3132387,34.2650509020756,32.9096628226333,19.4261756290011,13.3991106462899,NA,NA,NA,NA,NA,NA,NA,NA,NA,NA,NA,NA,NA,NA,NA
"822",1980,688217,873,0.7,12.5,20.1,93.6,3116.3,692.5,2255.2,168.6,"SD",NA,NA,NA,NA,NA,NA,NA,NA,NA,NA,690713,33.7724930615176,29.7850192482261,18.7110999792968,17.7313877109595,NA,NA,NA,NA,NA,NA,NA,NA,NA,NA,NA,NA,NA,NA,NA
"823",1980,4545590,20824,10.8,37.4,180.6,229.4,4039.8,1501.5,2175.2,363.1,"TN",NA,NA,NA,NA,NA,NA,NA,NA,NA,NA,4600705,32.0273523296973,31.8216447261887,20.4808828212198,15.6701201228942,NA,NA,NA,NA,NA,NA,NA,NA,NA,NA,NA,NA,NA,NA,NA
"824",1980,14169829,77978,16.9,47.3,208.5,277.6,5592.7,1853.2,3181.4,558.1,"TX",NA,NA,NA,NA,NA,NA,NA,NA,NA,NA,14337755,34.1402890480413,33.3668206772957,19.1271297354432,13.3657605392197,NA,NA,NA,NA,NA,NA,NA,NA,NA,NA,NA,NA,NA,NA,NA
"825",1980,1458729,4425,3.8,27.7,80.2,191.7,5577.3,1321.9,3931.8,323.6,"UT",NA,NA,NA,NA,NA,NA,NA,NA,NA,NA,1473171,41.1318848931998,32.5979129374662,15.6163812619173,10.6538209074167,NA,NA,NA,NA,NA,NA,NA,NA,NA,NA,NA,NA,NA,NA,NA
"826",1980,511299,914,2.2,29.1,38.9,108.5,4809.7,1526.7,2988.1,294.9,"VT",NA,NA,NA,NA,NA,NA,NA,NA,NA,NA,512824,32.6170382041402,33.0805500522596,18.8000171598833,15.5023945837168,NA,NA,NA,NA,NA,NA,NA,NA,NA,NA,NA,NA,NA,NA,NA
"827",1980,5323412,16355,8.6,27.4,120.1,151.1,4312.8,1202.6,2882.3,227.9,"VA",NA,NA,NA,NA,NA,NA,NA,NA,NA,NA,5367648,31.3616131311144,34.2760553598149,20.73029006373,13.6320414453407,NA,NA,NA,NA,NA,NA,NA,NA,NA,NA,NA,NA,NA,NA,NA
"828",1980,4113331,19098,5.5,52.7,135.1,271,6450.7,1862.2,4192.9,395.6,"WA",NA,NA,NA,NA,NA,NA,NA,NA,NA,NA,4155198,31.1977190978625,34.431451882678,19.5458796427992,14.8249493766603,NA,NA,NA,NA,NA,NA,NA,NA,NA,NA,NA,NA,NA,NA,NA
"829",1980,1930787,3547,7.1,15.8,48.5,112.2,2367.9,738.5,1429.8,199.7,"WV",NA,NA,NA,NA,NA,NA,NA,NA,NA,NA,1952874,32.2168250486206,30.2476247827561,20.5294862853415,17.0060638832818,NA,NA,NA,NA,NA,NA,NA,NA,NA,NA,NA,NA,NA,NA,NA
"830",1980,4680917,8546,2.9,14.9,70.7,94.1,4616,1079.4,3291.4,245.2,"WI",NA,NA,NA,NA,NA,NA,NA,NA,NA,NA,4713991,32.8010384406759,31.4305648865261,19.3333631735826,16.4350334992154,NA,NA,NA,NA,NA,NA,NA,NA,NA,NA,NA,NA,NA,NA,NA
"831",1980,468954,1841,6.2,28.6,44.4,313.5,4593.8,903.7,3344.9,345.2,"WY",NA,NA,NA,NA,NA,NA,NA,NA,NA,NA,474381,34.8858828663037,35.898992581912,17.9587715359595,11.2563530158248,NA,NA,NA,NA,NA,NA,NA,NA,NA,NA,NA,NA,NA,NA,NA
"832",1980,225349264,1344520,10.2,36.8,251.1,298.5,5353.3,1684.1,3167,502.2,"USA",NA,NA,NA,NA,NA,NA,NA,NA,NA,NA,NA,NA,NA,NA,NA,NA,NA,NA,NA,NA,NA,NA,NA,NA,NA,NA,NA,NA,NA,NA
"1041",1985,4021000,18398,9.8,26.8,105.4,315.5,3484.6,1034.9,2191.2,258.5,"AL",NA,NA,NA,NA,NA,NA,NA,NA,NA,NA,NA,NA,NA,NA,NA,3972539,30.7918688778134,32.2555675350198,20.2731552792811,16.6794083078857,NA,NA,NA,NA,NA,NA,NA,NA,NA,NA
"1042",1985,521000,3031,9.8,77.2,92.9,401.9,5295.2,1191.7,3497.1,606.3,"AK",NA,NA,NA,NA,NA,NA,NA,NA,NA,NA,NA,NA,NA,NA,NA,532503,35.249566669108,40.5430579733823,18.6751999519252,5.53217540558457,NA,NA,NA,NA,NA,NA,NA,NA,NA,NA
"1043",1985,3187000,19202,8,45.7,146.5,402.3,6513.7,1869.6,4258.6,385.5,"AZ",NA,NA,NA,NA,NA,NA,NA,NA,NA,NA,NA,NA,NA,NA,NA,3183536,30.2275520050661,33.9813339632409,18.9030059656935,16.8881080659996,NA,NA,NA,NA,NA,NA,NA,NA,NA,NA
"1044",1985,2359000,8199,7.9,29.1,68.5,242,3237.5,941.4,2117.7,178.4,"AR",NA,NA,NA,NA,NA,NA,NA,NA,NA,NA,NA,NA,NA,NA,NA,2327069,30.340698965093,30.6233291750266,19.9116141377845,19.1243577220959,NA,NA,NA,NA,NA,NA,NA,NA,NA,NA
"1045",1985,26365000,201763,10.5,43.3,327.7,383.8,5752.7,1701.1,3379.4,672.2,"CA",NA,NA,NA,NA,NA,NA,NA,NA,NA,NA,NA,NA,NA,NA,NA,26441100,29.0792554016285,36.7672260231231,19.4583092231412,14.6952093521071,NA,NA,NA,NA,NA,NA,NA,NA,NA,NA
"1046",1985,3231000,15219,5.8,40.9,124.2,300.1,6448,1748.1,4267,432.9,"CO",NA,NA,NA,NA,NA,NA,NA,NA,NA,NA,NA,NA,NA,NA,NA,3208691,29.8797547037094,37.7125438379701,19.6733184965458,12.7343829617748,NA,NA,NA,NA,NA,NA,NA,NA,NA,NA
"1047",1985,3174000,12758,3.8,24,190,184.1,4302.8,1135.5,2726,441.3,"CT",NA,NA,NA,NA,NA,NA,NA,NA,NA,NA,NA,NA,NA,NA,NA,3201120,26.8577872744539,33.4996188833908,21.7215537062028,17.9210401359524,NA,NA,NA,NA,NA,NA,NA,NA,NA,NA
"1048",1985,622000,2695,4.8,47.6,124.3,256.6,4528,1097.4,3157.2,273.3,"DE",NA,NA,NA,NA,NA,NA,NA,NA,NA,NA,NA,NA,NA,NA,NA,618287,29.1306464473618,34.3127059116559,20.5378731883413,16.0187744526409,NA,NA,NA,NA,NA,NA,NA,NA,NA,NA
"1049",1985,626000,10171,23.5,53.8,835.5,712,6374.4,1598.2,3973.5,802.7,"DC",NA,NA,NA,NA,NA,NA,NA,NA,NA,NA,NA,NA,NA,NA,NA,634545,23.5165354702976,40.0453868519963,19.7565184502281,16.681559227478,NA,NA,NA,NA,NA,NA,NA,NA,NA,NA
"1050",1985,11366000,106971,11.4,52.8,312.4,564.5,6633.1,2009.5,4098.1,525.5,"FL",NA,NA,NA,NA,NA,NA,NA,NA,NA,NA,NA,NA,NA,NA,NA,11351091,25.056287540995,31.0711543057844,20.3813624611062,23.4911956921145,NA,NA,NA,NA,NA,NA,NA,NA,NA,NA
"1051",1985,5976000,30311,10.4,43.3,164.2,289.4,4602.9,1356.6,2877.3,369,"GA",NA,NA,NA,NA,NA,NA,NA,NA,NA,NA,NA,NA,NA,NA,NA,5962708,31.0493487187365,35.1760307564952,20.0234524313449,13.7511680934233,NA,NA,NA,NA,NA,NA,NA,NA,NA,NA
"1052",1985,1054000,2313,4.1,29.4,99.4,86.5,4981.1,1154.1,3544.3,282.7,"HI",NA,NA,NA,NA,NA,NA,NA,NA,NA,NA,NA,NA,NA,NA,NA,1039689,30.2572211497861,36.3810716473869,19.3629056381283,13.9988015646987,NA,NA,NA,NA,NA,NA,NA,NA,NA,NA
"1053",1985,1005000,2360,2.2,19.1,26.8,186.8,3673.2,887.3,2604,182,"ID",NA,NA,NA,NA,NA,NA,NA,NA,NA,NA,NA,NA,NA,NA,NA,994050,34.8499572456114,31.5891554750767,18.556913636135,15.0039736431769,NA,NA,NA,NA,NA,NA,NA,NA,NA,NA
"1054",1985,11535000,82448,8,39.3,287.1,380.3,4596.5,1135.8,2869.8,590.9,"IL",NA,NA,NA,NA,NA,NA,NA,NA,NA,NA,NA,NA,NA,NA,NA,11399816,30.0528534846527,33.4210306552316,20.0473235708366,16.4787922892791,NA,NA,NA,NA,NA,NA,NA,NA,NA,NA
"1055",1985,5499000,17014,5.8,24,92.1,187.5,3604.7,914.6,2361.5,328.5,"IN",NA,NA,NA,NA,NA,NA,NA,NA,NA,NA,NA,NA,NA,NA,NA,5459201,30.5567792796052,32.9354240666354,20.1637382466775,16.3440584070819,NA,NA,NA,NA,NA,NA,NA,NA,NA,NA
"1056",1985,2884000,6106,1.9,12.6,41.2,156.1,3731.2,913.6,2664.2,153.4,"IA",NA,NA,NA,NA,NA,NA,NA,NA,NA,NA,NA,NA,NA,NA,NA,2829691,29.889482632556,31.5628455545146,19.3645171857987,19.1831546271307,NA,NA,NA,NA,NA,NA,NA,NA,NA,NA
"1057",1985,2450000,8716,4.9,29.3,78.7,242.7,4019.3,1050.6,2752.4,216.4,"KS",NA,NA,NA,NA,NA,NA,NA,NA,NA,NA,NA,NA,NA,NA,NA,2427428,29.6733826914743,33.1910153462842,19.1773350229131,17.9582669393284,NA,NA,NA,NA,NA,NA,NA,NA,NA,NA
"1058",1985,3726000,11384,6.9,21.6,75.7,201.3,2641.7,771.3,1677.2,193.2,"KY",NA,NA,NA,NA,NA,NA,NA,NA,NA,NA,NA,NA,NA,NA,NA,3694833,30.7817430449495,32.9782428596908,19.8981388333383,16.3418752620213,NA,NA,NA,NA,NA,NA,NA,NA,NA,NA
"1059",1985,4481000,31108,10.9,39.8,190.3,453.3,4869.3,1323.9,3163.1,382.3,"LA",NA,NA,NA,NA,NA,NA,NA,NA,NA,NA,NA,NA,NA,NA,NA,4408128,33.7120882152242,33.4729163944423,18.9248134355445,13.890181954789,NA,NA,NA,NA,NA,NA,NA,NA,NA,NA
"1060",1985,1164000,1950,2.4,14.3,24.4,126.4,3504.2,911.3,2427.8,165.1,"ME",NA,NA,NA,NA,NA,NA,NA,NA,NA,NA,NA,NA,NA,NA,NA,1162942,29.5357808042018,32.6373112330624,20.1143307232863,17.7125772394496,NA,NA,NA,NA,NA,NA,NA,NA,NA,NA
"1061",1985,4392000,36655,7.9,38.7,302.2,485.8,4538.2,1206.6,2870.6,461,"MD",NA,NA,NA,NA,NA,NA,NA,NA,NA,NA,NA,NA,NA,NA,NA,4413118,28.2906552691317,35.4223929656991,21.4086503012156,14.8783014639536,NA,NA,NA,NA,NA,NA,NA,NA,NA,NA
"1062",1985,5822000,31334,3.5,29.8,188.5,316.5,4219.6,1120.4,2234.4,864.8,"MA",NA,NA,NA,NA,NA,NA,NA,NA,NA,NA,NA,NA,NA,NA,NA,5880748,26.6584454902676,35.2233593413627,20.0340500902266,18.0841450781431,NA,NA,NA,NA,NA,NA,NA,NA,NA,NA
"1063",1985,9088000,66714,11.2,67.6,292.4,362.9,5632.2,1527.2,3277.1,827.8,"MI",NA,NA,NA,NA,NA,NA,NA,NA,NA,NA,NA,NA,NA,NA,NA,9076282,30.7933358615345,33.4370174924049,20.0313410270858,15.7383056189748,NA,NA,NA,NA,NA,NA,NA,NA,NA,NA
"1064",1985,4193000,10751,2.1,29.6,85.8,138.9,3877.8,1017.5,2598.5,261.9,"MN",NA,NA,NA,NA,NA,NA,NA,NA,NA,NA,NA,NA,NA,NA,NA,4184290,30.0757356684169,34.3063936773025,19.1014007155336,16.5164699387471,NA,NA,NA,NA,NA,NA,NA,NA,NA,NA
"1065",1985,2613000,7079,10.6,26.7,62.6,171.1,2994.8,1021.9,1817,156,"MS",NA,NA,NA,NA,NA,NA,NA,NA,NA,NA,NA,NA,NA,NA,NA,2588120,34.3426116254269,31.0815959074541,18.6124677371992,15.9633247299198,NA,NA,NA,NA,NA,NA,NA,NA,NA,NA
"1066",1985,5029000,25321,8.1,29.2,147.6,318.5,3862.5,1098.7,2399.1,364.8,"MO",NA,NA,NA,NA,NA,NA,NA,NA,NA,NA,NA,NA,NA,NA,NA,5000286,29.3643603585875,32.1347418927637,20.1357882329131,18.3651095157357,NA,NA,NA,NA,NA,NA,NA,NA,NA,NA
"1067",1985,826000,1722,5.8,19.2,20.9,162.5,4340.8,827.5,3238,275.3,"MT",NA,NA,NA,NA,NA,NA,NA,NA,NA,NA,NA,NA,NA,NA,NA,822326,31.8840703078828,32.2231085968339,19.7337795472842,16.1590415479992,NA,NA,NA,NA,NA,NA,NA,NA,NA,NA
"1068",1985,1606000,3821,2.9,23.4,48.5,163.1,3456.7,730.4,2570.2,156,"NE",NA,NA,NA,NA,NA,NA,NA,NA,NA,NA,NA,NA,NA,NA,NA,1584659,30.4281236531014,32.5701617824403,19.0122291294215,17.9894854350368,NA,NA,NA,NA,NA,NA,NA,NA,NA,NA
"1069",1985,936000,6244,10.3,60.3,274.9,321.7,5907.5,1849.6,3561.5,496.4,"NV",NA,NA,NA,NA,NA,NA,NA,NA,NA,NA,NA,NA,NA,NA,NA,951040,28.011755551817,36.0414914199192,21.6179130215343,14.3288400067295,NA,NA,NA,NA,NA,NA,NA,NA,NA,NA
"1070",1985,998000,1405,2.1,19.1,26.7,92.9,3111.1,762.3,2150.2,198.6,"NH",NA,NA,NA,NA,NA,NA,NA,NA,NA,NA,NA,NA,NA,NA,NA,996760,28.5752839199005,35.5787752317509,20.0761467153578,15.7697941329909,NA,NA,NA,NA,NA,NA,NA,NA,NA,NA
"1071",1985,7562000,41172,5.4,32.1,255,252,4549.9,1056.9,2828.7,664.3,"NJ",NA,NA,NA,NA,NA,NA,NA,NA,NA,NA,NA,NA,NA,NA,NA,7565511,27.3369108841425,32.7716131798632,22.1018646328054,17.7896113031889,NA,NA,NA,NA,NA,NA,NA,NA,NA,NA
"1072",1985,1450000,10207,10.9,49.8,138.1,505.1,5782.3,1753.9,3682.6,345.7,"NM",NA,NA,NA,NA,NA,NA,NA,NA,NA,NA,NA,NA,NA,NA,NA,1438385,33.5816210541684,33.6134623205887,19.1220709337208,13.6828456915221,NA,NA,NA,NA,NA,NA,NA,NA,NA,NA
"1073",1985,17783000,165365,9.5,32.1,504.4,383.9,4658.6,1235.1,2824.5,599.1,"NY",NA,NA,NA,NA,NA,NA,NA,NA,NA,NA,NA,NA,NA,NA,NA,17791750,27.8692483875954,33.242356710273,21.2907443056473,17.5976505964843,NA,NA,NA,NA,NA,NA,NA,NA,NA,NA
"1074",1985,6255000,26327,8.3,23.8,78.2,310.6,3700.5,1150.8,2358.6,191,"NC",NA,NA,NA,NA,NA,NA,NA,NA,NA,NA,NA,NA,NA,NA,NA,6253991,28.9324848724598,34.5854031449677,20.6880694263871,15.7940425561853,NA,NA,NA,NA,NA,NA,NA,NA,NA,NA
"1075",1985,685000,322,1,7.3,6.4,32.3,2632.4,427,2087.2,118.2,"ND",NA,NA,NA,NA,NA,NA,NA,NA,NA,NA,NA,NA,NA,NA,NA,676978,31.6327857035236,33.424276712094,17.9265795934284,17.0163579909539,NA,NA,NA,NA,NA,NA,NA,NA,NA,NA
"1076",1985,10744000,41000,5.2,36.9,133.1,206.4,3805.7,976.5,2476.4,352.7,"OH",NA,NA,NA,NA,NA,NA,NA,NA,NA,NA,NA,NA,NA,NA,NA,10734943,30.0233359413273,32.6709699343536,20.4391304173669,16.8665637069521,NA,NA,NA,NA,NA,NA,NA,NA,NA,NA
"1077",1985,3301000,13930,7.7,37.9,106.8,269.6,5003,1612.1,2824.4,566.5,"OK",NA,NA,NA,NA,NA,NA,NA,NA,NA,NA,NA,NA,NA,NA,NA,3271395,30.7419617624897,32.3209823332248,20.0865380059577,16.8505178983278,NA,NA,NA,NA,NA,NA,NA,NA,NA,NA
"1078",1985,2687000,14807,4.7,50.7,185.6,310.1,6178.7,1886.5,3934.7,357.6,"OR",NA,NA,NA,NA,NA,NA,NA,NA,NA,NA,NA,NA,NA,NA,NA,2672681,29.1605694806077,33.5836936768735,19.64020397496,17.6155328675588,NA,NA,NA,NA,NA,NA,NA,NA,NA,NA
"1079",1985,11853000,39240,4.6,24.3,147,155,2706.4,737.5,1640.7,328.2,"PA",NA,NA,NA,NA,NA,NA,NA,NA,NA,NA,NA,NA,NA,NA,NA,11770908,27.4843877804499,31.7284783807672,20.8975297402715,19.8896040985113,NA,NA,NA,NA,NA,NA,NA,NA,NA,NA
"1080",1985,968000,3355,3.6,26.1,115.9,200.9,4376.9,1232.3,2491.6,652.9,"RI",NA,NA,NA,NA,NA,NA,NA,NA,NA,NA,NA,NA,NA,NA,NA,968958,26.7570937027198,33.8366575228235,19.7077685513717,19.698480223085,NA,NA,NA,NA,NA,NA,NA,NA,NA,NA
"1081",1985,3347000,21121,9.1,41.4,93.9,486.7,4209.5,1253.5,2696.7,259.2,"SC",NA,NA,NA,NA,NA,NA,NA,NA,NA,NA,NA,NA,NA,NA,NA,3303250,31.1859532278816,34.3588586997654,19.7281767955801,14.7270112767729,NA,NA,NA,NA,NA,NA,NA,NA,NA,NA
"1082",1985,708000,967,1.8,23.7,17.1,93.9,2504.2,546.2,1856.2,101.8,"SD",NA,NA,NA,NA,NA,NA,NA,NA,NA,NA,NA,NA,NA,NA,NA,698404,31.7621319465524,31.5769955498537,18.2023585202834,18.4585139833105,NA,NA,NA,NA,NA,NA,NA,NA,NA,NA
"1083",1985,4762000,22592,9,42.6,180.9,242,3692.3,1166.8,2040.3,485.2,"TN",NA,NA,NA,NA,NA,NA,NA,NA,NA,NA,NA,NA,NA,NA,NA,4715288,29.2361781507301,33.297987312758,20.8207642884167,16.6450702480951,NA,NA,NA,NA,NA,NA,NA,NA,NA,NA
"1084",1985,16370000,90030,13,51.1,193.5,292.3,6018.7,1770.5,3640.3,608,"TX",NA,NA,NA,NA,NA,NA,NA,NA,NA,NA,NA,NA,NA,NA,NA,16272777,32.3632960741734,35.1686930878485,19.1385895597291,13.3294212782489,NA,NA,NA,NA,NA,NA,NA,NA,NA,NA
"1085",1985,1645000,4398,3,23.2,55.2,186,5050,942.9,3870.4,236.7,"UT",NA,NA,NA,NA,NA,NA,NA,NA,NA,NA,NA,NA,NA,NA,NA,1642906,40.3146619465751,32.9514896165697,15.6634646169653,11.0703838198899,NA,NA,NA,NA,NA,NA,NA,NA,NA,NA
"1086",1985,535000,790,3.4,19.3,20.9,104.1,3740.4,973.8,2602.6,163.9,"VT",NA,NA,NA,NA,NA,NA,NA,NA,NA,NA,NA,NA,NA,NA,NA,530031,29.8271233192021,34.7802298356134,19.5007461827704,15.8919006624141,NA,NA,NA,NA,NA,NA,NA,NA,NA,NA
"1087",1985,5706000,16813,7.1,27.2,100.2,160.1,3484.4,785.1,2502.6,196.7,"VA",NA,NA,NA,NA,NA,NA,NA,NA,NA,NA,NA,NA,NA,NA,NA,5715198,28.5198518056592,35.9898642181776,20.9455735391845,14.5447104369787,NA,NA,NA,NA,NA,NA,NA,NA,NA,NA
"1088",1985,4409000,18757,5.2,54.9,132,233.3,6103.4,1811.3,4003.2,288.9,"WA",NA,NA,NA,NA,NA,NA,NA,NA,NA,NA,NA,NA,NA,NA,NA,4400084,29.2371463817509,35.2554178511138,19.7358504973996,15.7715852697358,NA,NA,NA,NA,NA,NA,NA,NA,NA,NA
"1089",1985,1936000,3214,3.8,18.5,37.6,106.1,2086.8,618.4,1301.2,167.3,"WV",NA,NA,NA,NA,NA,NA,NA,NA,NA,NA,NA,NA,NA,NA,NA,1906823,29.9496072787039,30.8376288727375,20.66500141859,18.5477624299686,NA,NA,NA,NA,NA,NA,NA,NA,NA,NA
"1090",1985,4775000,9880,2.8,18.3,70.2,115.6,3809.8,795.5,2792.6,221.6,"WI",NA,NA,NA,NA,NA,NA,NA,NA,NA,NA,NA,NA,NA,NA,NA,4747766,30.042487350893,33.2648449818293,19.335872913703,17.3567947535746,NA,NA,NA,NA,NA,NA,NA,NA,NA,NA
"1091",1985,509000,1307,4.3,22.4,20,210,3758.3,690.6,2894.3,173.5,"WY",NA,NA,NA,NA,NA,NA,NA,NA,NA,NA,NA,NA,NA,NA,NA,499688,34.4204783785082,33.727445926258,19.3618818142521,12.4901938809817,NA,NA,NA,NA,NA,NA,NA,NA,NA,NA
"1092",1985,237923795,1327767,8,36.8,209.3,304,4666.4,1291.7,2911.2,463.5,"USA",NA,NA,NA,NA,NA,NA,NA,NA,NA,NA,NA,NA,NA,NA,NA,NA,NA,NA,NA,NA,NA,NA,NA,NA,NA,NA,NA,NA,NA,NA
"1301",1990,4040587,28630,11.6,32.6,143.7,520.7,4206.7,1103.4,2755.4,347.8,"AL",NA,NA,NA,NA,NA,NA,NA,NA,NA,NA,NA,NA,NA,NA,NA,NA,NA,NA,NA,NA,4048508,29.3089207184474,32.8487432901207,21.3615979022395,16.4807380891924,NA,NA,NA,NA,NA
"1302",1990,550043,2885,7.5,72.9,76.7,367.4,4628.2,894.3,3168.5,565.4,"AK",NA,NA,NA,NA,NA,NA,NA,NA,NA,NA,NA,NA,NA,NA,NA,NA,NA,NA,NA,NA,553120,34.8002241828175,39.8219192941857,19.5315663870408,5.84629013595603,NA,NA,NA,NA,NA
"1303",1990,3665228,23911,7.7,40.9,160.9,442.8,7236.4,1669.9,4703,863.5,"AZ",NA,NA,NA,NA,NA,NA,NA,NA,NA,NA,NA,NA,NA,NA,NA,NA,NA,NA,NA,NA,3679056,30.3916004540295,33.8016871719267,19.441508908807,16.3652034652367,NA,NA,NA,NA,NA
"1304",1990,2350725,12511,10.3,43.3,113.2,365.4,4334.7,1210.9,2834.4,289.4,"AR",NA,NA,NA,NA,NA,NA,NA,NA,NA,NA,NA,NA,NA,NA,NA,NA,NA,NA,NA,NA,2354343,29.4964667425265,30.8858564788563,21.0852454378992,18.532431340718,NA,NA,NA,NA,NA
"1305",1990,29760021,311051,11.9,42.6,377,613.6,5558.4,1345.4,3197.5,1015.5,"CA",NA,NA,NA,NA,NA,NA,NA,NA,NA,NA,NA,NA,NA,NA,NA,NA,NA,NA,NA,NA,29950111,29.6533859256815,37.2536549196763,19.7318934811293,13.3610656735129,NA,NA,NA,NA,NA
"1306",1990,3294394,17328,4.2,46.2,90.6,385,5527.8,1208.8,3890.6,428.4,"CO",NA,NA,NA,NA,NA,NA,NA,NA,NA,NA,NA,NA,NA,NA,NA,NA,NA,NA,NA,NA,3303862,29.5918231451556,36.437750729298,21.055358849734,12.9150672758124,NA,NA,NA,NA,NA
"1307",1990,3287116,18201,5.1,27.9,234.8,286,4833,1227.7,2874.4,730.9,"CT",NA,NA,NA,NA,NA,NA,NA,NA,NA,NA,NA,NA,NA,NA,NA,NA,NA,NA,NA,NA,3289056,25.7100821633928,35.0194402284424,22.1372637011957,17.1332139069691,NA,NA,NA,NA,NA
"1308",1990,666168,4365,5,88.1,164.8,397.3,4705.1,970.5,3290.8,443.9,"DE",NA,NA,NA,NA,NA,NA,NA,NA,NA,NA,NA,NA,NA,NA,NA,NA,NA,NA,NA,NA,669063,27.9188955300174,35.3425611638964,21.0839636925073,15.654579613579,NA,NA,NA,NA,NA
"1309",1990,606900,14919,77.8,49.9,1213.5,1117,8316,1983,4996.9,1336.1,"DC",NA,NA,NA,NA,NA,NA,NA,NA,NA,NA,NA,NA,NA,NA,NA,NA,NA,NA,NA,NA,603814,22.2593381405532,40.5146286770429,21.0920912731404,16.1339419092634,NA,NA,NA,NA,NA
"1310",1990,12937926,160990,10.7,52.4,416.8,764.4,7566.5,2170.6,4569.6,826.3,"FL",NA,NA,NA,NA,NA,NA,NA,NA,NA,NA,NA,NA,NA,NA,NA,NA,NA,NA,NA,NA,13018365,25.5829437874879,31.5426245922587,20.450701758631,22.4237298616224,NA,NA,NA,NA,NA
"1311",1990,6478216,48996,11.8,53.6,263.5,427.4,6007.3,1619.4,3714.3,673.6,"GA",NA,NA,NA,NA,NA,NA,NA,NA,NA,NA,NA,NA,NA,NA,NA,NA,NA,NA,NA,NA,6506531,30.1436510484619,35.9434850921328,20.935979556541,12.9768843028643,NA,NA,NA,NA,NA
"1312",1990,1108229,3113,4,32.5,91.4,153,5825.8,1228.2,4217.1,380.5,"HI",NA,NA,NA,NA,NA,NA,NA,NA,NA,NA,NA,NA,NA,NA,NA,NA,NA,NA,NA,NA,1112703,27.9152657986902,36.6418532168962,20.6596908609036,14.78319012351,NA,NA,NA,NA,NA
"1313",1990,1006749,2776,2.7,27.3,15,230.7,3781.4,813.2,2802.7,165.5,"ID",NA,NA,NA,NA,NA,NA,NA,NA,NA,NA,NA,NA,NA,NA,NA,NA,NA,NA,NA,NA,1011882,34.1510176087726,30.9360182313748,19.8487570685119,15.0642070913407,NA,NA,NA,NA,NA
"1314",1990,11430602,110575,10.3,39.4,394,523.6,4967.7,1063,3262,642.8,"IL",NA,NA,NA,NA,NA,NA,NA,NA,NA,NA,NA,NA,NA,NA,NA,NA,NA,NA,NA,NA,11446979,28.7596753693704,34.4828273031688,20.8208908219365,15.9366065055243,NA,NA,NA,NA,NA
"1315",1990,5544159,26275,6.2,37.9,101.3,328.4,4209.4,943.3,2827.1,439,"IN",NA,NA,NA,NA,NA,NA,NA,NA,NA,NA,NA,NA,NA,NA,NA,NA,NA,NA,NA,NA,5555097,29.21081306051,33.5865242317101,21.1484335917087,16.0542291160712,NA,NA,NA,NA,NA
"1316",1990,2776755,8321,1.9,18.4,39.2,240.1,3801.2,808.4,2822.9,169.9,"IA",NA,NA,NA,NA,NA,NA,NA,NA,NA,NA,NA,NA,NA,NA,NA,NA,NA,NA,NA,NA,2779769,28.9884159439148,31.5630903143391,20.4218408076355,19.0266529341107,NA,NA,NA,NA,NA
"1317",1990,2477574,11093,4,40.4,117.6,285.7,4745.4,1166.5,3243.5,335.4,"KS",NA,NA,NA,NA,NA,NA,NA,NA,NA,NA,NA,NA,NA,NA,NA,NA,NA,NA,NA,NA,2480683,29.6717879712966,33.2871632530235,19.8284101596214,17.2126386160586,NA,NA,NA,NA,NA
"1318",1990,3685296,14386,7.2,29,69.1,285.2,2909.1,766.9,1942.7,199.4,"KY",NA,NA,NA,NA,NA,NA,NA,NA,NA,NA,NA,NA,NA,NA,NA,NA,NA,NA,NA,NA,3692584,28.9320974147101,33.5665485199524,21.385160093853,16.1161939714845,NA,NA,NA,NA,NA
"1319",1990,4219973,37914,17.2,42.2,269.8,569.2,5588.2,1437.9,3548.6,601.7,"LA",NA,NA,NA,NA,NA,NA,NA,NA,NA,NA,NA,NA,NA,NA,NA,NA,NA,NA,NA,NA,4219179,31.8898771538254,33.8202290066385,19.9147748886691,14.375118950867,NA,NA,NA,NA,NA
"1320",1990,1227928,1759,2.4,19.7,25.1,96,3554.5,823,2554.9,176.6,"ME",NA,NA,NA,NA,NA,NA,NA,NA,NA,NA,NA,NA,NA,NA,NA,NA,NA,NA,NA,NA,1231296,28.0641697853319,33.6856450439212,21.4328642341078,16.8173209366391,NA,NA,NA,NA,NA
"1321",1990,4781468,43940,11.5,45.7,363.8,497.9,4911.5,1119.9,3082.9,708.7,"MD",NA,NA,NA,NA,NA,NA,NA,NA,NA,NA,NA,NA,NA,NA,NA,NA,NA,NA,NA,NA,4797431,27.4000188851075,36.5691971390521,22.0091961718678,14.0215878039726,NA,NA,NA,NA,NA
"1322",1990,6016425,44300,4,33.7,217.1,481.4,4561.5,1112.7,2525.3,923.6,"MA",NA,NA,NA,NA,NA,NA,NA,NA,NA,NA,NA,NA,NA,NA,NA,NA,NA,NA,NA,NA,6018664,25.6891562645796,36.4801723438956,20.7749759747346,17.0556954167902,NA,NA,NA,NA,NA
"1323",1990,9295297,73468,10.4,77.6,234,468.4,5204.4,1143.3,3347.4,713.7,"MI",NA,NA,NA,NA,NA,NA,NA,NA,NA,NA,NA,NA,NA,NA,NA,NA,NA,NA,NA,NA,9310462,29.6116777019228,34.1141288155196,20.9048487604589,15.3693447220986,NA,NA,NA,NA,NA
"1324",1990,4375099,13392,2.7,34,92.7,176.7,4232.7,907.2,2959.9,365.6,"MN",NA,NA,NA,NA,NA,NA,NA,NA,NA,NA,NA,NA,NA,NA,NA,NA,NA,NA,NA,NA,4387283,29.6943233431716,34.6992888309234,20.0016502240681,15.6047376018369,NA,NA,NA,NA,NA
"1325",1990,2573216,8758,12.2,44.1,86.2,198,3528.8,1251.2,2070,207.6,"MS",NA,NA,NA,NA,NA,NA,NA,NA,NA,NA,NA,NA,NA,NA,NA,NA,NA,NA,NA,NA,2577426,32.1838143946713,32.1689934066002,19.859852426413,15.7873397723155,NA,NA,NA,NA,NA
"1326",1990,5117073,36602,8.8,32.5,216.4,457.6,4405.3,1065.8,2800.2,539.4,"MO",NA,NA,NA,NA,NA,NA,NA,NA,NA,NA,NA,NA,NA,NA,NA,NA,NA,NA,NA,NA,5126370,28.7053997272924,32.7813247970786,20.9377785840663,17.5754968915626,NA,NA,NA,NA,NA
"1327",1990,799065,1273,4.9,24.4,21.7,108.4,4342.8,709.1,3391.2,242.5,"MT",NA,NA,NA,NA,NA,NA,NA,NA,NA,NA,NA,NA,NA,NA,NA,NA,NA,NA,NA,NA,799824,30.7493898657705,31.3053871851807,21.1925373582188,16.75268559083,NA,NA,NA,NA,NA
"1328",1990,1578385,5209,2.7,30,51.1,246.2,3883.1,723.8,2981.1,178.2,"NE",NA,NA,NA,NA,NA,NA,NA,NA,NA,NA,NA,NA,NA,NA,NA,NA,NA,NA,NA,NA,1580664,30.1799117332969,32.435546074308,19.8356513465227,17.5488908458724,NA,NA,NA,NA,NA
"1329",1990,1201833,7222,9.7,62.2,238.3,290.7,5462.7,1367.4,3502.7,592.5,"NV",NA,NA,NA,NA,NA,NA,NA,NA,NA,NA,NA,NA,NA,NA,NA,NA,NA,NA,NA,NA,1218629,28.5180313286488,35.1860164168094,22.2681390316495,14.0278132228923,NA,NA,NA,NA,NA
"1330",1990,1109252,1459,1.9,34.8,27.2,67.6,3513.7,735.5,2534.2,244,"NH",NA,NA,NA,NA,NA,NA,NA,NA,NA,NA,NA,NA,NA,NA,NA,NA,NA,NA,NA,NA,1111831,28.0136099820926,36.4362929258134,21.1640078393209,14.3860892527731,NA,NA,NA,NA,NA
"1331",1990,7730188,50057,5.6,29.8,301,311.1,4799.7,1017.2,2843,939.5,"NJ",NA,NA,NA,NA,NA,NA,NA,NA,NA,NA,NA,NA,NA,NA,NA,NA,NA,NA,NA,NA,7757158,26.1926726257219,34.5272585655726,22.2733764092468,17.0066923994587,NA,NA,NA,NA,NA
"1332",1990,1515069,11821,9.2,49.7,115.1,606.2,5903.9,1738.7,3828.5,336.7,"NM",NA,NA,NA,NA,NA,NA,NA,NA,NA,NA,NA,NA,NA,NA,NA,NA,NA,NA,NA,NA,1519933,32.8244073916416,33.2964018808724,20.0352910292756,13.8438996982104,NA,NA,NA,NA,NA
"1333",1990,17990455,212458,14.5,29.8,624.7,512,5182.8,1160.7,2979.4,1042.7,"NY",NA,NA,NA,NA,NA,NA,NA,NA,NA,NA,NA,NA,NA,NA,NA,NA,NA,NA,NA,NA,18002855,26.7746976798958,34.8494558224237,21.7060516234786,16.6697948742019,NA,NA,NA,NA,NA
"1334",1990,6628637,41332,10.7,34.3,152.1,426.4,4862.3,1530.4,3048.3,283.7,"NC",NA,NA,NA,NA,NA,NA,NA,NA,NA,NA,NA,NA,NA,NA,NA,NA,NA,NA,NA,NA,6656987,27.8300528452286,35.0331463768819,21.528282990488,15.6085177874014,NA,NA,NA,NA,NA
"1335",1990,638800,472,0.8,17.8,7.8,47.4,2848.5,426.6,2288.8,133.1,"ND",NA,NA,NA,NA,NA,NA,NA,NA,NA,NA,NA,NA,NA,NA,NA,NA,NA,NA,NA,NA,637364,29.9695307547963,33.2689012871766,19.0508092706836,17.7107586873435,NA,NA,NA,NA,NA
"1336",1990,10847115,54904,6.1,46.8,188.5,264.7,4337.3,982.5,2864.1,490.6,"OH",NA,NA,NA,NA,NA,NA,NA,NA,NA,NA,NA,NA,NA,NA,NA,NA,NA,NA,NA,NA,10861837,28.7029348718822,33.3735444566145,21.2765667538557,16.6469539176476,NA,NA,NA,NA,NA
"1337",1990,3145585,17222,8,47,121.9,370.5,5051.2,1447.5,3002,601.7,"OK",NA,NA,NA,NA,NA,NA,NA,NA,NA,NA,NA,NA,NA,NA,NA,NA,NA,NA,NA,NA,3147105,29.8668776542251,32.2095068324698,20.9683820527119,16.9552334605931,NA,NA,NA,NA,NA
"1338",1990,2842321,14405,3.8,46.9,144.3,311.8,5139.2,1135.4,3545.2,458.6,"OR",NA,NA,NA,NA,NA,NA,NA,NA,NA,NA,NA,NA,NA,NA,NA,NA,NA,NA,NA,NA,2858547,28.7021693188882,32.7924991263044,21.4089885525758,17.0963430022316,NA,NA,NA,NA,NA
"1339",1990,11881643,51213,6.7,25.8,176.2,222.3,3045.1,729.1,1810.5,505.5,"PA",NA,NA,NA,NA,NA,NA,NA,NA,NA,NA,NA,NA,NA,NA,NA,NA,NA,NA,NA,NA,11895604,26.5534309985437,32.614199329433,21.346759693749,19.4856099782743,NA,NA,NA,NA,NA
"1340",1990,1003464,4334,4.8,24.7,122,280.4,4920.8,1271.1,2695.3,954.4,"RI",NA,NA,NA,NA,NA,NA,NA,NA,NA,NA,NA,NA,NA,NA,NA,NA,NA,NA,NA,NA,1004649,25.9455790032141,35.1549645697154,20.1559947802665,18.743461646804,NA,NA,NA,NA,NA
"1341",1990,3486703,34050,11.2,53.7,152.4,759.3,5068.7,1380.4,3302.4,385.8,"SC",NA,NA,NA,NA,NA,NA,NA,NA,NA,NA,NA,NA,NA,NA,NA,NA,NA,NA,NA,NA,3499064,29.7865943578054,34.6141425249724,20.9331409771299,14.6661221400923,NA,NA,NA,NA,NA
"1342",1990,696004,1133,2,34.3,12.4,114.1,2746.5,527.4,2108.9,110.2,"SD",NA,NA,NA,NA,NA,NA,NA,NA,NA,NA,NA,NA,NA,NA,NA,NA,NA,NA,NA,NA,696667,31.5718987694264,31.3509897842154,18.8652541314574,18.2118573149008,NA,NA,NA,NA,NA
"1343",1990,4877185,32698,10.5,49.5,191.2,419.2,4380.6,1264,2545.1,571.5,"TN",NA,NA,NA,NA,NA,NA,NA,NA,NA,NA,NA,NA,NA,NA,NA,NA,NA,NA,NA,NA,4890626,28.1758408841731,33.6993055694711,21.9886779320275,16.1361756143283,NA,NA,NA,NA,NA
"1344",1990,16986510,129343,14.1,51.5,260.8,435.1,7065.3,1851.5,4304.7,909,"TX",NA,NA,NA,NA,NA,NA,NA,NA,NA,NA,NA,NA,NA,NA,NA,NA,NA,NA,NA,NA,17044714,32.0126051983037,35.4160415950658,19.5711526752517,13.0002005313788,NA,NA,NA,NA,NA
"1345",1990,1722850,4892,3,37.8,56.9,186.3,5376,880.6,4257.6,237.7,"UT",NA,NA,NA,NA,NA,NA,NA,NA,NA,NA,NA,NA,NA,NA,NA,NA,NA,NA,NA,NA,1729722,39.8599312490678,32.5344766384425,16.4639173231305,11.1416747893592,NA,NA,NA,NA,NA
"1346",1990,562758,716,2.3,25.9,11.7,87.2,4213.7,1087.3,2918.5,207.9,"VT",NA,NA,NA,NA,NA,NA,NA,NA,NA,NA,NA,NA,NA,NA,NA,NA,NA,NA,NA,NA,564526,28.7983192979597,35.0761523827069,21.2266574081619,14.8988709111715,NA,NA,NA,NA,NA
"1347",1990,6187358,21694,8.8,31,123.3,187.6,4090,731.1,3031.4,327.5,"VA",NA,NA,NA,NA,NA,NA,NA,NA,NA,NA,NA,NA,NA,NA,NA,NA,NA,NA,NA,NA,6213526,27.6465086007526,36.7726311920156,21.7205818403271,13.8602783669047,NA,NA,NA,NA,NA
"1348",1990,4866692,24410,4.9,64,130,302.7,5721.3,1262.9,4011.4,447.1,"WA",NA,NA,NA,NA,NA,NA,NA,NA,NA,NA,NA,NA,NA,NA,NA,NA,NA,NA,NA,NA,4900780,29.3327184652239,34.895547239419,20.9433396316505,14.8283946637066,NA,NA,NA,NA,NA
"1349",1990,1793477,3036,5.7,23.6,37.9,102.1,2333.7,657.1,1522.7,153.9,"WV",NA,NA,NA,NA,NA,NA,NA,NA,NA,NA,NA,NA,NA,NA,NA,NA,NA,NA,NA,NA,1792481,27.7123718466193,30.8695043350529,22.2969727433652,19.1211510749626,NA,NA,NA,NA,NA
"1350",1990,4891769,12948,4.6,20.7,112.7,126.7,4130.4,751.4,2962.6,416.5,"WI",NA,NA,NA,NA,NA,NA,NA,NA,NA,NA,NA,NA,NA,NA,NA,NA,NA,NA,NA,NA,4902265,29.5782051765867,33.5338256907776,20.1862404419182,16.7017286907175,NA,NA,NA,NA,NA
"1351",1990,453588,1367,4.9,29.5,15.9,251.1,3909.3,631,3129.3,149,"WY",NA,NA,NA,NA,NA,NA,NA,NA,NA,NA,NA,NA,NA,NA,NA,NA,NA,NA,NA,NA,453401,33.0230855247342,32.9218506355301,20.5392136320829,13.5158502076528,NA,NA,NA,NA,NA
"1352",1990,249464396,1820127,9.4,41.1,256.3,422.9,5073.1,1232.2,3185.1,655.8,"USA",NA,NA,NA,NA,NA,NA,NA,NA,NA,NA,NA,NA,NA,NA,NA,NA,NA,NA,NA,NA,NA,NA,NA,NA,NA,NA,NA,NA,NA,NA
"1561",1995,4253000,26894,11.2,31.7,185.8,403.7,4215.7,1024.8,2844.3,346.6,"AL",NA,NA,NA,NA,NA,NA,NA,NA,NA,NA,NA,NA,NA,NA,NA,NA,NA,NA,NA,NA,NA,NA,NA,NA,NA,4262731,28.3759167538369,31.8612879865044,23.3797065777784,16.3830886818802
"1562",1995,604000,4656,9.1,80.3,155.1,526.3,4982.9,836.9,3624.3,521.7,"AK",NA,NA,NA,NA,NA,NA,NA,NA,NA,NA,NA,NA,NA,NA,NA,NA,NA,NA,NA,NA,NA,NA,NA,NA,NA,601345,34.1635833007674,34.1398032743267,24.6795100981965,7.01710332670929
"1563",1995,4218000,30095,10.4,33.6,173.8,495.7,7500.1,1416.8,4925.6,1157.7,"AZ",NA,NA,NA,NA,NA,NA,NA,NA,NA,NA,NA,NA,NA,NA,NA,NA,NA,NA,NA,NA,NA,NA,NA,NA,NA,4306908,30.0967190383449,31.7779251379412,21.7004635343964,16.4248922893175
"1564",1995,2484000,13741,10.4,37.2,125.7,379.8,4137.7,996.9,2815.4,325.4,"AR",NA,NA,NA,NA,NA,NA,NA,NA,NA,NA,NA,NA,NA,NA,NA,NA,NA,NA,NA,NA,NA,NA,NA,NA,NA,2480121,29.3336091263289,29.7200015644398,22.9275507122435,18.0188385969878
"1565",1995,31589000,305154,11.2,33.4,331.2,590.3,4865.1,1120.3,2856.9,887.9,"CA",NA,NA,NA,NA,NA,NA,NA,NA,NA,NA,NA,NA,NA,NA,NA,NA,NA,NA,NA,NA,NA,NA,NA,NA,NA,31493525,30.472400279105,34.6771280763268,21.3709071944154,13.4795644501528
"1566",1995,3747000,16494,5.8,39.5,96.2,298.7,4956.1,934.1,3634.5,387.5,"CO",NA,NA,NA,NA,NA,NA,NA,NA,NA,NA,NA,NA,NA,NA,NA,NA,NA,NA,NA,NA,NA,NA,NA,NA,NA,3738061,28.9214113948381,33.0188833194536,25.0439198290237,13.0157854566846
"1567",1995,3275000,13293,4.6,23.7,163.2,214.4,4097.3,888.4,2668.7,540.2,"CT",NA,NA,NA,NA,NA,NA,NA,NA,NA,NA,NA,NA,NA,NA,NA,NA,NA,NA,NA,NA,NA,NA,NA,NA,NA,3265293,26.5026752576262,32.3645075648648,23.7655548828237,17.3672622946853
"1568",1995,717000,5198,3.5,80.2,198.7,442.5,4433.8,905.3,3114.2,414.2,"DE",NA,NA,NA,NA,NA,NA,NA,NA,NA,NA,NA,NA,NA,NA,NA,NA,NA,NA,NA,NA,NA,NA,NA,NA,NA,718265,27.0506011012649,34.2466916806471,22.8375321086229,15.8651751094652
"1569",1995,554000,14744,65,52.7,1239,1304.7,9512.1,1838.4,5833.8,1839.9,"DC",NA,NA,NA,NA,NA,NA,NA,NA,NA,NA,NA,NA,NA,NA,NA,NA,NA,NA,NA,NA,NA,NA,NA,NA,NA,551273,22.5469050724414,37.7386521741496,22.8955526572134,16.8188900961955
"1570",1995,14166000,151711,7.3,48.6,299.9,715.1,6630.6,1522.4,4322.4,785.8,"FL",NA,NA,NA,NA,NA,NA,NA,NA,NA,NA,NA,NA,NA,NA,NA,NA,NA,NA,NA,NA,NA,NA,NA,NA,NA,14185403,25.9183330921229,29.7210942826228,22.2385786290315,22.1219939962227
"1571",1995,7201000,47317,9.5,35.3,205.2,407.1,5346.5,1059.9,3678.3,608.4,"GA",NA,NA,NA,NA,NA,NA,NA,NA,NA,NA,NA,NA,NA,NA,NA,NA,NA,NA,NA,NA,NA,NA,NA,NA,NA,7188538,29.5169754962692,34.7096447149615,23.0549243810077,12.7184554077616
"1572",1995,1187000,3509,4.7,28.3,130.8,131.8,6902.9,1165.3,5046.9,690.7,"HI",NA,NA,NA,NA,NA,NA,NA,NA,NA,NA,NA,NA,NA,NA,NA,NA,NA,NA,NA,NA,NA,NA,NA,NA,NA,1180490,28.6302298198206,32.3015866292811,23.3371735465781,15.7310100043202
"1573",1995,1163000,3745,4.1,28.4,24,265.5,4079.4,779.8,3057.6,242,"ID",NA,NA,NA,NA,NA,NA,NA,NA,NA,NA,NA,NA,NA,NA,NA,NA,NA,NA,NA,NA,NA,NA,NA,NA,NA,1165000,33.0677253218884,29.7042060085837,22.8147639484979,14.41330472103
"1574",1995,11830000,117836,10.3,36.5,330.8,618.5,4459.6,917.6,3019,523,"IL",NA,NA,NA,NA,NA,NA,NA,NA,NA,NA,NA,NA,NA,NA,NA,NA,NA,NA,NA,NA,NA,NA,NA,NA,NA,11884935,29.012468305464,32.6019452357123,22.8092959700663,15.5762904887574
"1575",1995,5803000,30451,8,33.3,135.2,348.3,4106.8,821.6,2819.5,465.7,"IN",NA,NA,NA,NA,NA,NA,NA,NA,NA,NA,NA,NA,NA,NA,NA,NA,NA,NA,NA,NA,NA,NA,NA,NA,NA,5791819,28.592588960394,32.2102779800267,23.393030755968,15.8041023036114
"1576",1995,2842000,10071,1.8,21.8,53,277.8,3747.5,757.5,2767.2,222.8,"IA",NA,NA,NA,NA,NA,NA,NA,NA,NA,NA,NA,NA,NA,NA,NA,NA,NA,NA,NA,NA,NA,NA,NA,NA,NA,2840860,28.3464514266807,29.9169617650993,23.0996599621241,18.6369268460959
"1577",1995,2565000,10792,6.2,36.6,108.2,269.8,4466.2,1068.4,3074.3,323.5,"KS",NA,NA,NA,NA,NA,NA,NA,NA,NA,NA,NA,NA,NA,NA,NA,NA,NA,NA,NA,NA,NA,NA,NA,NA,NA,2586942,29.4349080883916,31.3966451509156,22.3663692498711,16.8020775108217
"1578",1995,3860000,14079,7.2,31.9,103.7,222,2987,735.5,1992.4,259.1,"KY",NA,NA,NA,NA,NA,NA,NA,NA,NA,NA,NA,NA,NA,NA,NA,NA,NA,NA,NA,NA,NA,NA,NA,NA,NA,3855248,28.2104549434952,32.0276931600769,23.8266902673965,15.9351616290314
"1579",1995,4342000,43741,17,42.7,268.6,679,5668.6,1231.7,3838.5,598.4,"LA",NA,NA,NA,NA,NA,NA,NA,NA,NA,NA,NA,NA,NA,NA,NA,NA,NA,NA,NA,NA,NA,NA,NA,NA,NA,4327978,31.5856503891656,31.5494209998295,22.3714168602521,14.4935117507529
"1580",1995,1241000,1631,2,21.4,26.9,81.1,3153.3,726.4,2292,134.8,"ME",NA,NA,NA,NA,NA,NA,NA,NA,NA,NA,NA,NA,NA,NA,NA,NA,NA,NA,NA,NA,NA,NA,NA,NA,NA,1237438,27.0658408744519,31.5052552127864,24.259962923395,17.1689409893667
"1581",1995,5042000,49757,11.8,42.2,423.1,509.7,5307.9,1057.5,3532.8,717.6,"MD",NA,NA,NA,NA,NA,NA,NA,NA,NA,NA,NA,NA,NA,NA,NA,NA,NA,NA,NA,NA,NA,NA,NA,NA,NA,5023650,27.6795357956864,34.2689876882346,23.9156788390911,14.1357976769878
"1582",1995,6074000,41739,3.6,29,150.4,504.2,3654.4,817.7,2232.2,604.5,"MA",NA,NA,NA,NA,NA,NA,NA,NA,NA,NA,NA,NA,NA,NA,NA,NA,NA,NA,NA,NA,NA,NA,NA,NA,NA,6062335,25.8747990666962,34.1822086704215,22.8318791356796,17.1111131272026
"1583",1995,9549000,65680,8.5,62,187.3,430.1,4495,909.7,2939.7,645.5,"MI",NA,NA,NA,NA,NA,NA,NA,NA,NA,NA,NA,NA,NA,NA,NA,NA,NA,NA,NA,NA,NA,NA,NA,NA,NA,9659871,29.001246496977,32.2900481797324,23.2796897598322,15.4290155634584
"1584",1995,4610000,16416,3.9,56.2,123.7,172.2,4141.2,797.3,3002.5,341.5,"MN",NA,NA,NA,NA,NA,NA,NA,NA,NA,NA,NA,NA,NA,NA,NA,NA,NA,NA,NA,NA,NA,NA,NA,NA,NA,4605445,29.6050435951358,32.3116658650793,22.759668175388,15.3236223643969
"1585",1995,2697000,13560,12.9,39.1,130.9,319.9,4011.7,1131.1,2520.1,360.5,"MS",NA,NA,NA,NA,NA,NA,NA,NA,NA,NA,NA,NA,NA,NA,NA,NA,NA,NA,NA,NA,NA,NA,NA,NA,NA,2690788,31.4165218515914,31.31759172406,21.8022006936258,15.4636857307227
"1586",1995,5324000,35339,8.8,32.1,204,418.8,4456.8,932.6,3050.9,473.3,"MO",NA,NA,NA,NA,NA,NA,NA,NA,NA,NA,NA,NA,NA,NA,NA,NA,NA,NA,NA,NA,NA,NA,NA,NA,NA,5324610,28.7103092996482,31.242720124103,22.8327520701047,17.2142185061441
"1587",1995,870000,1491,4,26.6,29.1,111.7,4626,581.6,3769.8,274.6,"MT",NA,NA,NA,NA,NA,NA,NA,NA,NA,NA,NA,NA,NA,NA,NA,NA,NA,NA,NA,NA,NA,NA,NA,NA,NA,868522,29.9300420714731,28.4227687957242,25.0940102841379,16.5531788486647
"1588",1995,1637000,6253,2.9,19.4,65.2,294.5,4162.5,631.9,3179.2,351.4,"NE",NA,NA,NA,NA,NA,NA,NA,NA,NA,NA,NA,NA,NA,NA,NA,NA,NA,NA,NA,NA,NA,NA,NA,NA,NA,1635142,29.8968529950304,30.5311098363323,22.3828266902813,17.189210478356
"1589",1995,1530000,14461,10.7,61.2,324.6,548.7,5634.2,1322.5,3566.2,745.4,"NV",NA,NA,NA,NA,NA,NA,NA,NA,NA,NA,NA,NA,NA,NA,NA,NA,NA,NA,NA,NA,NA,NA,NA,NA,NA,1525777,28.3728225028952,32.9564543180294,24.0574474513641,14.6132757277112
"1590",1995,1148000,1314,1.8,29,27.4,56.3,2540.9,418.6,1977.2,145.1,"NH",NA,NA,NA,NA,NA,NA,NA,NA,NA,NA,NA,NA,NA,NA,NA,NA,NA,NA,NA,NA,NA,NA,NA,NA,NA,1145604,27.9298954961749,34.1508060376884,23.222335117545,14.6969633485917
"1591",1995,7945000,47652,5.1,24.3,283,287.4,4103.9,875.2,2597.1,631.6,"NJ",NA,NA,NA,NA,NA,NA,NA,NA,NA,NA,NA,NA,NA,NA,NA,NA,NA,NA,NA,NA,NA,NA,NA,NA,NA,7965523,27.1512743105506,32.1061027631205,23.8475741015373,16.8950488247915
"1592",1995,1685000,13804,8.8,56.6,154.5,599.3,5608.8,1447.1,3648.5,513.2,"NM",NA,NA,NA,NA,NA,NA,NA,NA,NA,NA,NA,NA,NA,NA,NA,NA,NA,NA,NA,NA,NA,NA,NA,NA,NA,1682417,32.543893695796,30.7068342747369,22.6824265327799,14.0668454966872
"1593",1995,18136000,152683,8.5,23.7,399.7,410,3718.3,808.1,2344.4,565.7,"NY",NA,NA,NA,NA,NA,NA,NA,NA,NA,NA,NA,NA,NA,NA,NA,NA,NA,NA,NA,NA,NA,NA,NA,NA,NA,18150928,27.5056790484762,32.6463914131553,23.3494728203429,16.4984567180257
"1594",1995,7195000,46508,9.4,32.2,179.2,425.5,4993.1,1417.6,3264.9,310.6,"NC",NA,NA,NA,NA,NA,NA,NA,NA,NA,NA,NA,NA,NA,NA,NA,NA,NA,NA,NA,NA,NA,NA,NA,NA,NA,7185403,27.6868117209292,33.16868935535,23.3646741873768,15.7798247363439
"1595",1995,641000,556,0.9,22.8,10,53,2779.6,350.7,2249.8,179.1,"ND",NA,NA,NA,NA,NA,NA,NA,NA,NA,NA,NA,NA,NA,NA,NA,NA,NA,NA,NA,NA,NA,NA,NA,NA,NA,641548,29.4855568094671,30.7967603359374,21.8689794060616,17.8487034485339
"1596",1995,11151000,53799,5.4,43.4,178.7,255,3922.7,838.8,2669,414.9,"OH",NA,NA,NA,NA,NA,NA,NA,NA,NA,NA,NA,NA,NA,NA,NA,NA,NA,NA,NA,NA,NA,NA,NA,NA,NA,11155493,28.2881626119079,31.7377636290929,23.3761430355431,16.5979307234561
"1597",1995,3278000,21770,12.2,44.6,115.6,491.8,4932.7,1271.9,3164.3,496.4,"OK",NA,NA,NA,NA,NA,NA,NA,NA,NA,NA,NA,NA,NA,NA,NA,NA,NA,NA,NA,NA,NA,NA,NA,NA,NA,3265547,29.74438891861,30.2633218875735,23.0209211504229,16.9713680433936
"1598",1995,3141000,16408,4.1,41.7,137.9,338.7,6041.5,1102.8,4236.7,702,"OR",NA,NA,NA,NA,NA,NA,NA,NA,NA,NA,NA,NA,NA,NA,NA,NA,NA,NA,NA,NA,NA,NA,NA,NA,NA,3141421,28.1107180476606,30.3516465956012,24.9641165574433,16.573518799295
"1599",1995,12072000,51586,6.3,25.2,189.3,206.5,2937.6,561.8,1963.1,412.7,"PA",NA,NA,NA,NA,NA,NA,NA,NA,NA,NA,NA,NA,NA,NA,NA,NA,NA,NA,NA,NA,NA,NA,NA,NA,NA,12044780,26.5216218145952,30.7415245442424,23.4453597325979,19.2914939085645
"1600",1995,990000,3643,3.3,27,92.3,245.4,3876.6,932.7,2503,440.8,"RI",NA,NA,NA,NA,NA,NA,NA,NA,NA,NA,NA,NA,NA,NA,NA,NA,NA,NA,NA,NA,NA,NA,NA,NA,NA,989203,26.3270531933284,33.0971499277701,21.9308877955283,18.6449090833732
"1601",1995,3673000,36067,7.9,47.3,175.9,750.8,5081.8,1254.6,3441.8,385.4,"SC",NA,NA,NA,NA,NA,NA,NA,NA,NA,NA,NA,NA,NA,NA,NA,NA,NA,NA,NA,NA,NA,NA,NA,NA,NA,3699943,28.4611681855639,32.9438858922962,23.4664966460294,15.1284492761105
"1602",1995,729000,1513,1.8,41,25.9,138.8,2853.1,540.7,2191.5,120.9,"SD",NA,NA,NA,NA,NA,NA,NA,NA,NA,NA,NA,NA,NA,NA,NA,NA,NA,NA,NA,NA,NA,NA,NA,NA,NA,728251,31.294430079739,29.5049371713873,21.5023391660293,17.6982935828444
"1603",1995,5256000,40549,10.6,47.1,223.2,490.5,4591.2,1143.2,2799.5,648.5,"TN",NA,NA,NA,NA,NA,NA,NA,NA,NA,NA,NA,NA,NA,NA,NA,NA,NA,NA,NA,NA,NA,NA,NA,NA,NA,5241168,27.7431290124644,32.2256413074338,24.1457629291791,15.8854667509227
"1604",1995,18724000,124303,9,45.7,179.8,429.3,5020.5,1082.3,3377.8,560.4,"TX",NA,NA,NA,NA,NA,NA,NA,NA,NA,NA,NA,NA,NA,NA,NA,NA,NA,NA,NA,NA,NA,NA,NA,NA,NA,18679706,31.7082185340604,33.2990144491568,22.0200200153043,12.9727470014785
"1605",1995,1951000,6415,3.9,42.7,67.1,215.1,5762,800.8,4572.1,389.1,"UT",NA,NA,NA,NA,NA,NA,NA,NA,NA,NA,NA,NA,NA,NA,NA,NA,NA,NA,NA,NA,NA,NA,NA,NA,NA,1976774,38.310348072162,31.9702707542693,18.6132051514235,11.1061760221452
"1606",1995,585000,692,2.2,28.2,10.9,76.9,3315.4,760.9,2418.8,135.7,"VT",NA,NA,NA,NA,NA,NA,NA,NA,NA,NA,NA,NA,NA,NA,NA,NA,NA,NA,NA,NA,NA,NA,NA,NA,NA,582827,27.7567785981089,32.5216573700257,24.7047580156719,15.0168060161935
"1607",1995,6618000,23921,7.6,27.2,131.7,194.9,3627.7,595.2,2740,292.6,"VA",NA,NA,NA,NA,NA,NA,NA,NA,NA,NA,NA,NA,NA,NA,NA,NA,NA,NA,NA,NA,NA,NA,NA,NA,NA,6601392,27.1197195985332,34.9544762680356,23.9219546422936,14.0038494911376
"1608",1995,5431000,26300,5.1,59.2,132.7,287.3,5785.5,1091.2,4140.3,554,"WA",NA,NA,NA,NA,NA,NA,NA,NA,NA,NA,NA,NA,NA,NA,NA,NA,NA,NA,NA,NA,NA,NA,NA,NA,NA,5431024,28.8119330719216,32.7895623366791,24.025874310259,14.3726302811404
"1609",1995,1828000,3842,4.9,21.2,42.7,141.4,2248,565,1516.6,166.3,"WV",NA,NA,NA,NA,NA,NA,NA,NA,NA,NA,NA,NA,NA,NA,NA,NA,NA,NA,NA,NA,NA,NA,NA,NA,NA,1820560,26.5402952937558,29.333831348596,25.1760996616426,18.9497736960056
"1610",1995,5123000,14399,4.3,23.3,105.1,148.4,3604.6,613.2,2627.8,363.6,"WI",NA,NA,NA,NA,NA,NA,NA,NA,NA,NA,NA,NA,NA,NA,NA,NA,NA,NA,NA,NA,NA,NA,NA,NA,NA,5137004,28.9982838245795,31.6720018127298,22.9244127510899,16.4053016116008
"1611",1995,480000,1220,2.1,34.4,17.9,199.8,4066,612.1,3286.3,167.7,"WY",NA,NA,NA,NA,NA,NA,NA,NA,NA,NA,NA,NA,NA,NA,NA,NA,NA,NA,NA,NA,NA,NA,NA,NA,NA,478447,31.5309741726879,29.6509331232091,24.6572765635483,14.1608161405548
"1612",1995,262803276,1798792,8.2,37.1,220.9,418.3,4590.5,987,3043.2,560.3,"USA",NA,NA,NA,NA,NA,NA,NA,NA,NA,NA,NA,NA,NA,NA,NA,NA,NA,NA,NA,NA,NA,NA,NA,NA,NA,NA,NA,NA,NA,NA
